repo,sha,date,author_name,author_email,additions,deletions,files_changed,message,week,week_start
HistData,3c6c131712f51934bc1f7a123765ee4f4b7ff8bf,2025-11-25T19:26:58Z,Michael Friendly,friendly@yorku.ca,315,67,7,Add Playfair1824 data [Thx: Ivan Lokhov],2025-W48,2025-11-24
HistData,14ed987e903a18d222cd4254b8094d5b2c33f83a,2025-11-25T23:42:08Z,Michael Friendly,friendly@yorku.ca,7968,269,183,build pkgdown,2025-W48,2025-11-24
HistData,ef603233ecb453f1626aba3ae3aeedc846c50dfb,2025-11-25T23:45:56Z,Michael Friendly,friendly@yorku.ca,0,27022,153,get rid of revdep/ stuff,2025-W48,2025-11-24
HistData,2459a40c43b689e2d96aba7c34c648a1c28d5cd1,2025-11-26T00:57:43Z,Michael Friendly,friendly@yorku.ca,214,0,2,add sandbox/john-snow,2025-W48,2025-11-24
HistData,a5586e6562c73c03d3c9e229b67d9c200a745be3,2025-11-26T02:03:02Z,Michael Friendly,friendly@yorku.ca,7520,3701,43,initial pass on Rd2roxygen,2025-W48,2025-11-24
HistData,d16b1f5443239c4c165b4d0e5395fe02bc9e2802,2025-11-26T02:44:24Z,Michael Friendly,friendly@yorku.ca,287,250,1,edits to data.R,2025-W48,2025-11-24
HistData,3a21c78223afc76588be2af62f7d0896909e472d,2025-11-26T03:27:14Z,Michael Friendly,friendly@yorku.ca,69,46,1,more edits to data.R,2025-W48,2025-11-24
HistData,ed9265e845005881c7fc16b9286ed2e782f5b16d,2025-11-26T19:28:11Z,Michael Friendly,friendly@yorku.ca,117,161,4,edits of data.R thrugh Michaelson,2025-W48,2025-11-24
HistData,3eef46894cf1491d62146793c196e9c2a6788e28,2025-11-26T20:55:02Z,Michael Friendly,friendly@yorku.ca,96,58,3,finish pass on data.R; bump pkg version,2025-W48,2025-11-24
HistData,9bb24864e0a0411ea525947aed462eec0b44a85f,2025-11-26T22:16:34Z,Michael Friendly,friendly@yorku.ca,8,5,1,update README.Rmd,2025-W48,2025-11-24
HistData,9bf7a3ee2961be63f70e4e678afd665e15b393cc,2025-11-27T03:05:38Z,Michael Friendly,friendly@yorku.ca,570,0,7,sandbox/roxygen-redoc/,2025-W48,2025-11-24
HistData,309be7610da0fe1e010b84f2ce3d2f984649dd60,2025-11-27T15:56:33Z,Michael Friendly,friendly@yorku.ca,12166,356,54,fix \item s in data.R,2025-W48,2025-11-24
HistData,8b91ed085841936c27d4487eb55fccdafe6d35d5,2025-11-27T16:37:42Z,Michael Friendly,friendly@yorku.ca,62,24,10,fixed Rd glitches,2025-W48,2025-11-24
HistData,384856f76dd25db0e2b141c91a083dea6629cc5a,2025-11-27T17:02:09Z,Michael Friendly,friendly@yorku.ca,1748,755,45,shift items in data.R,2025-W48,2025-11-24
HistData,786ac8a4d79364ead594a19cd042c2f311fe8612,2025-11-27T17:05:14Z,Michael Friendly,friendly@yorku.ca,21306,4019,107,Merge pull request #6 from friendly/rd2roxygen,2025-W48,2025-11-24
HistData,d0d888242dafc8c234538c00364102d2d9024864,2025-11-27T18:56:21Z,Michael Friendly,friendly@yorku.ca,1215,1211,45,use roxygen2md() to use markdown in docs,2025-W48,2025-11-24
HistData,f723fd155cd28d180088cc4d46dc98ad94b7850e,2025-11-27T19:02:03Z,Michael Friendly,friendly@yorku.ca,4,2,1,update NEWS.md,2025-W48,2025-11-24
HistData,552d1e1c55835d2a32aba2b5f77197b2e4cfa267,2025-11-27T19:12:40Z,Michael Friendly,friendly@yorku.ca,3129,3364,98,build pkgdown,2025-W48,2025-11-24
HistData,5ba2083b5fccadba7b961eb73ca93dd9f8d226d8,2025-11-27T19:21:56Z,Michael Friendly,friendly@yorku.ca,3,1,1,add ORCID for Peter Li,2025-W48,2025-11-24
HistData,de524b4d59a079d9609acd1ccdcd681f256b8dfd,2025-11-27T22:47:53Z,Michael Friendly,friendly@yorku.ca,46,43,13,fix broken URLs,2025-W48,2025-11-24
HistData,84cb1199d67200c767acb76fe5473d22fe0d28be,2025-11-27T22:48:49Z,Michael Friendly,friendly@yorku.ca,1,0,1,update NEWS,2025-W48,2025-11-24
HistData,fd2bafe05064569f6fa0564c43ba7afecc61f8ec,2025-11-27T22:49:31Z,Michael Friendly,friendly@yorku.ca,5,2,1,update README,2025-W48,2025-11-24
HistData,8fd2ed08ed0472ea16e6e6ae66a92fd9add253e1,2025-11-27T22:53:17Z,Michael Friendly,friendly@yorku.ca,6,6,4,fix more URLs,2025-W48,2025-11-24
HistData,0198807ea394948b6c324de2d7dc1e3e19f5a16c,2025-11-27T23:06:08Z,Michael Friendly,friendly@yorku.ca,11,13,4,fix more URLs,2025-W48,2025-11-24
HistData,6b1bfc3bab7aa266f4a7c19254e13b209c855c3d,2025-11-27T23:11:51Z,Michael Friendly,friendly@yorku.ca,5,14,4,fix more URLs...,2025-W48,2025-11-24
HistData,b8f560d178b1bb7f9fc370b538096e556d71c4b6,2025-11-28T01:05:15Z,Michael Friendly,friendly@yorku.ca,4,3,2,fix another URL,2025-W48,2025-11-24
HistData,6b77ce5f297906abaf0dcb44ffa65ae2799a4a15,2025-11-28T21:56:05Z,Michael Friendly,friendly@yorku.ca,29,436,16,begin to add external links from sandbox/ examples,2025-W48,2025-11-24
HistData,84e65e4b5d859a63cfcfa08fe7235b09e945418f,2025-11-28T22:13:26Z,Michael Friendly,friendly@yorku.ca,1,1,1,begin to add external links from sandbox/ examples,2025-W48,2025-11-24
HistData,f5b07e31c688df6821948644b8c495da86e16252,2025-11-28T22:16:23Z,Michael Friendly,friendly@yorku.ca,1,1,1,begin to add external links from sandbox/ examples,2025-W48,2025-11-24
HistData,ad799a401f6945013071cdea1619944a963d0d2d,2025-11-29T01:10:36Z,Michael Friendly,friendly@yorku.ca,28,10,9,more Jon Russell links,2025-W48,2025-11-24
HistData,ffe3980a0c0ff3388e7700ab69c4cdacd7b93e09,2025-11-29T01:21:56Z,Michael Friendly,friendly@yorku.ca,163,135,46,build pkgdown,2025-W48,2025-11-24
HistData,4e5bfddcb89a597260fa80d7f6cb7dcb232bf463,2025-11-29T19:59:20Z,Michael Friendly,friendly@yorku.ca,1178,41,13,update cran-comments; spellcheck,2025-W48,2025-11-24
HistData,dd23dc230e2f79261b6e7488259cf9c5e1324d4b,2025-11-29T20:35:25Z,Michael Friendly,friendly@yorku.ca,12,1118,6,edit concepts.csv,2025-W48,2025-11-24
HistData,7edb4f886a49959b1ce4b51f0bce8778a4e7eff2,2025-11-29T22:33:42Z,Michael Friendly,friendly@yorku.ca,4110,76,44,add concept tags -> data-concepts.R; edit README,2025-W48,2025-11-24
HistData,04b2e7982118b4f28f1078b32f60d1feb2e2b02a,2025-11-29T22:41:58Z,Michael Friendly,friendly@yorku.ca,12,8,2,edits to README,2025-W48,2025-11-24
HistData,17d77cfd8828996528f74b530650a667829af96e,2025-11-30T16:29:59Z,Michael Friendly,friendly@yorku.ca,269,140,51,rebuild pkgdown,2025-W48,2025-11-24
HistData,0d9442907e662e88f2dd95314e6dcfa5b8eaca56,2025-11-30T16:32:55Z,Michael Friendly,friendly@yorku.ca,1,0,1,update cran-comments for release,2025-W48,2025-11-24
HistData,26334368576dbb217819ee77681cb30e7f2cda45,2025-12-01T17:57:00Z,Michael Friendly,friendly@yorku.ca,25,0,3,update README,2025-W49,2025-12-01
HistData,c62c843a4556d87718c455af89f5e8510892e49e,2025-12-02T01:20:58Z,Michael Friendly,friendly@yorku.ca,236,6,8,add link to N Rennie Snow Maps; bump ver,2025-W49,2025-12-01
HistData,1e786cb0b91175dba05e8e071df05110ddca9b67,2025-12-02T01:21:42Z,Michael Friendly,friendly@yorku.ca,295,140,54,Merge branch 'master' of https://github.com/friendly/HistData into ma…,2025-W49,2025-12-01
HistData,9e894675c0772e7201e879bfc53124709cf677d9,2025-12-02T01:26:56Z,Michael Friendly,friendly@yorku.ca,105,60,55,rebuild pkgdown,2025-W49,2025-12-01
HistData,a68f6156eed167aee4a9de57b8f6a974193dbecb,2026-08-05T02:08:56Z,Michael Friendly,friendly@yorku.ca,2980,2,3,Fix 'porozzo' -> 'perozzo' spelling in raw survivorship data; note fi…,2026-W32,2026-08-03
HistData,095951c606c35cab1940ee9321687b93568f51d7,2026-08-05T02:09:03Z,Michael Friendly,friendly@yorku.ca,341,66,63,Merge branch 'master' of https://github.com/friendly/HistData,2026-W32,2026-08-03
HistData,f6be9486b14aab304e04be7237e699abc1e78dbf,2026-08-05T02:17:14Z,Michael Friendly,friendly@yorku.ca,0,7945,43,Remove man-old/ and NAMESPACE-old pre-roxygen leftovers,2026-W32,2026-08-03
HistData,db5b137e5d3966813f8d9793ae9c130a75b41ff6,2026-08-05T02:36:39Z,Michael Friendly,friendly@yorku.ca,1,0,19,"Reorganize sandbox/: move dev-scratch to issues/, Ebbinghaus data to …",2026-W32,2026-08-03
HistData,30228f7f4a816bbaf7837f4e758c9e2fea9afec9,2026-08-05T02:54:11Z,Michael Friendly,friendly@yorku.ca,1,0,1,Add NEWS.md entry for man-old removal / sandbox reorganization,2026-W32,2026-08-03
HistData,475e2bf53ca4c15e2dd43cfff360c872afe5b39c,2026-08-05T03:00:50Z,Michael Friendly,friendly@yorku.ca,93,0,1,Add issues/TASKS.md tracking file,2026-W32,2026-08-03
HistData,fb800c7f5866c1d8ee7dc9fe89310ba4b5fb9ae1,2026-08-05T13:50:35Z,Michael Friendly,friendly@yorku.ca,0,0,1,Replace opaque hex logo with transparent version,2026-W32,2026-08-03
HistData,cb497b00304c2286325d89ab1b46828f77b75668,2026-08-05T14:53:53Z,Michael Friendly,friendly@yorku.ca,288,11,10,Add Perozzo dataset: Swedish census survivorship grid,2026-W32,2026-08-03
HistData,114ca40aed53ed0a05d2c2e9d989da546f707763,2026-08-05T15:31:57Z,Michael Friendly,friendly@yorku.ca,29,8,3,Fix Perozzo persp() Age orientation; fix Snow @aliases roxygen error,2026-W32,2026-08-03
HistData,bb9be5ad32ec3bbaf6a2a2f9eabe6ea2eb10828e,2026-08-05T15:56:10Z,Michael Friendly,friendly@yorku.ca,15,3,3,Expand Perozzo details on trace lines and cohort diagonals,2026-W32,2026-08-03
HistData,a51c9daa496ef9980edefd95609bd3ce947a087f,2026-08-05T17:05:02Z,Michael Friendly,friendly@yorku.ca,754,374,115,Rebuild pkgdown site; fix stale README render,2026-W32,2026-08-03
HistData,e8b4b02d1af04d3883f5ab9568847445c863e5dc,2026-08-05T17:10:39Z,Michael Friendly,friendly@yorku.ca,45,1,15,Regenerate favicons from the transparent logo,2026-W32,2026-08-03
HistData,0ab187ae878cf40d6da12e88f2bbb245b96f2def,2026-08-05T19:04:35Z,Michael Friendly,friendly@yorku.ca,24,6,5,Add missing 30DayChartChallenge @references links,2026-W32,2026-08-03
HistData,24d6f255740704d80338ceb4c750efa501be0af6,2026-08-05T19:05:01Z,Michael Friendly,friendly@yorku.ca,164,0,1,Flesh out histdata-challenge vignette planning doc,2026-W32,2026-08-03
HistData,1c38c3352cd5f1ea30143699ee583ce03a0f03c4,2026-08-05T20:12:44Z,Michael Friendly,friendly@yorku.ca,116,34,2,Rework histdata-challenge vignette structure per MF notes,2026-W32,2026-08-03
HistData,b2a35c5ff0d6e22e43db62c8f05102e16b9676d6,2026-08-05T20:24:12Z,Michael Friendly,friendly@yorku.ca,128,64,1,Refine sandbox/ inventory and vignette structure per MF notes,2026-W32,2026-08-03
HistData,7df31bdd9afcd080ee0947f9787d622f503144d8,2026-08-05T20:40:08Z,Michael Friendly,friendly@yorku.ca,382,10,3,Start histdata-challenge vignette draft,2026-W32,2026-08-03
HistData,272b88f0d34dc67f26c1dffacc13f9718d5daaf7,2026-08-05T21:07:12Z,Michael Friendly,friendly@yorku.ca,7,1,1,Add notes on other re-visioning precedents to vignette draft,2026-W32,2026-08-03
HistData,d77155460a26698f0cc40513514708d721f2edc6,2026-08-06T01:52:35Z,Michael Friendly,friendly@yorku.ca,242,27,4,"histdata-challenge vignette draft: number taxonomy sections, resolve …",2026-W32,2026-08-03
HistData,f95ee6e39c02235114dd7f5ed03584fb42e16431,2026-08-06T02:24:34Z,Michael Friendly,friendly@yorku.ca,2,2,1,Fix illegible pump labels in Snow-density case study,2026-W32,2026-08-03
HistData,81840654bda25da40ef7040669e6b3c10afe8526,2026-08-06T14:15:09Z,Michael Friendly,friendly@yorku.ca,2,0,2,Rename vignette draft to HistData-Challenge.Rmd; note gallery image s…,2026-W32,2026-08-03
HistData,78be9f3359c729f350e731d3f518ba68e2d0580d,2026-08-06T19:03:37Z,Michael Friendly,friendly@yorku.ca,221,45,2,Resolve most blanks/TODOs in vignette draft; Minard attribution pass,2026-W32,2026-08-03
HistData,e88c9d16508769ab294f7af398837858d17a8f6e,2026-08-06T21:38:47Z,Michael Friendly,friendly@yorku.ca,26,18,2,Add James Hanley paragraph to vignette; log vcdExtra TODO separately,2026-W32,2026-08-03
HistData,b985e81cd871abd5b62c880af6333de6dba6b1e8,2026-08-06T21:47:59Z,Michael Friendly,friendly@yorku.ca,142,4,2,Add histdata.bib for vignette references,2026-W32,2026-08-03
HistData,5f38e0272246e4f0f6b8440a8c76c0dc20d4c7cd,2026-08-07T15:26:50Z,Michael Friendly,friendly@yorku.ca,221,12,5,Add Perozzo verification notes; update vignette figure and TASKS.md,2026-W32,2026-08-03
HistData,8eb5dc63fdfd94ef6f3965924e975c0e064d0e4e,2026-08-07T20:31:04Z,Michael Friendly,friendly@yorku.ca,141,35,3,Trace Perozzo's immediate data source to RJ Andrews' old-charts repo,2026-W32,2026-08-03
HistData,a35f3d29fa7d8a6ac67b573c8eac5cf3e1753341,2026-08-07T20:36:53Z,Michael Friendly,friendly@yorku.ca,4,0,2,Add Snow-density TODO note; add Perozzo-chartography figure,2026-W32,2026-08-03
HistData,7eeeb6f3aea8e51c13a8071e3ad77a2743574f1b,2026-08-07T20:48:29Z,Michael Friendly,friendly@yorku.ca,0,0,1,Add snow-map-mine.png for HistData-Challenge vignette,2026-W32,2026-08-03
Vis-MLM-book,7db637c0297a3a14b3782576271eacd2aea298de,2025-09-01T18:33:35Z,Michael Friendly,friendly@yorku.ca,320,283,13,edits to Ch14,2025-W36,2025-09-01
Vis-MLM-book,9e7e3e49aa668e25bab8f3c2915ad9c24a85fba8,2025-09-01T20:16:18Z,Michael Friendly,friendly@yorku.ca,189,94,13,more edits to Ch14,2025-W36,2025-09-01
Vis-MLM-book,e0c23d49b63f513451ac5402cfbc4b05bd7d158e,2025-09-01T20:17:59Z,Michael Friendly,friendly@yorku.ca,4,1,1,more edits to Ch14,2025-W36,2025-09-01
Vis-MLM-book,f8c21275741422839c59add94af3b401bbb5173b,2025-09-01T20:21:01Z,Michael Friendly,friendly@yorku.ca,2,1,1,cite ggdist from common.R,2025-W36,2025-09-01
Vis-MLM-book,d43f252b2a73939b960e95cff2dabe22cbed90db,2025-09-01T20:25:43Z,Michael Friendly,friendly@yorku.ca,6,0,3,penguin AI images,2025-W36,2025-09-01
Vis-MLM-book,f32dd50859dfd224f8a8daff9a8c3297f5bedcd1,2025-09-02T21:55:04Z,Michael Friendly,friendly@yorku.ca,28258,10827,233,build HTML & PDF,2025-W36,2025-09-01
Vis-MLM-book,f21588b6bec687a58a58762a1de51e5255f72dd7,2025-09-03T00:51:32Z,Michael Friendly,friendly@yorku.ca,50,1,4,preamble: SectionHeadFont,2025-W36,2025-09-01
Vis-MLM-book,2c996c6bca83bd6d84d5c8a911ac365f00170159,2025-09-03T02:29:47Z,emstruong,112967876+emstruong@users.noreply.github.com,109,0,1,Completed Ch 3 and 4,2025-W36,2025-09-01
Vis-MLM-book,d94f1cef3c39642df22a2ed4db3e1716122329b5,2025-09-03T15:45:17Z,Michael Friendly,friendly@yorku.ca,2001,1964,14,edit Ch01; add #sec labels,2025-W36,2025-09-01
Vis-MLM-book,f439475703eaa8990c280f643b63369c140e6852,2025-09-03T20:10:36Z,Michael Friendly,friendly@yorku.ca,1328,273,15,more edits to Ch01,2025-W36,2025-09-01
Vis-MLM-book,734cf38fbfe42b5dcf52cc6a0e9bfeb59bb947b4,2025-09-04T15:45:08Z,Michael Friendly,friendly@yorku.ca,82,58,5,more edits to Ch01,2025-W36,2025-09-01
Vis-MLM-book,59f240dcf88f30e26900461d87d6e91405276a11,2025-09-04T15:59:52Z,Michael Friendly,friendly@yorku.ca,33,28,11,use quiet=TRUE in all write.bib(),2025-W36,2025-09-01
Vis-MLM-book,0fd0e28bb82ac51e03e57ea4978ad4e041c746cc,2025-09-04T18:56:05Z,Michael Friendly,friendly@yorku.ca,3092,926,26,"edits to Ch-03, re-build HTML",2025-W36,2025-09-01
Vis-MLM-book,15929387d30ea45cb874744abcb3a4c5f3cd1d3e,2025-09-04T20:33:51Z,Michael Friendly,friendly@yorku.ca,129,62,10,"edits to Ch01, 06",2025-W36,2025-09-01
Vis-MLM-book,d85bd01ec362193c40b20c188d157cf443f52cd5,2025-09-04T21:07:48Z,Michael Friendly,friendly@yorku.ca,813,61,23,try Part page I-OrientingIdeas.qmd,2025-W36,2025-09-01
Vis-MLM-book,c8ab58317d066a55a4aa614363c3c5fe3a328d67,2025-09-05T19:41:12Z,Michael Friendly,friendly@yorku.ca,350,576,48,"edits to Ch03, 06, 08,...",2025-W36,2025-09-01
Vis-MLM-book,bc54ceab271cc8ecb4ac7a32e178d007edda41be,2025-09-05T20:46:21Z,Michael Friendly,friendly@yorku.ca,409,132,23,"fix problems in \S 3.11, animated tours",2025-W36,2025-09-01
Vis-MLM-book,2d70397d053e864f52c74fd7ce63f81c50de0358,2025-09-05T21:07:57Z,Michael Friendly,friendly@yorku.ca,13,293,7,fix fig 3.47,2025-W36,2025-09-01
Vis-MLM-book,9776945af3f13724094485b47b365ea52217e35d,2025-09-05T21:25:43Z,Michael Friendly,friendly@yorku.ca,7,6,4,fix fig 3.47,2025-W36,2025-09-01
Vis-MLM-book,5c1ce03521cb3696c64aeb055c193a299991f2c3,2025-09-06T17:00:28Z,Michael Friendly,friendly@yorku.ca,1,1,1,change cover-image,2025-W36,2025-09-01
Vis-MLM-book,16ec2b3b50518bcd0fe25d9c35f8aa9b4d5527cd,2025-09-06T22:48:45Z,Michael Friendly,friendly@yorku.ca,396,132,41,change cover image,2025-W36,2025-09-01
Vis-MLM-book,0de5905b1152f0922d92a6d56a2d6a8e650c6a7b,2025-09-07T02:26:18Z,emstruong,112967876+emstruong@users.noreply.github.com,101,3,1,Completed part 2,2025-W36,2025-09-01
Vis-MLM-book,7e3cebffa08acb0affb94ea5977ef820a018fbfb,2025-09-07T16:46:03Z,Michael Friendly,friendly@yorku.ca,42,32,4,edit Ch04 - re MT comments,2025-W36,2025-09-01
Vis-MLM-book,2aba4a0ac4fb581f645452bd02c63800a56630ae,2025-09-07T16:46:21Z,Michael Friendly,friendly@yorku.ca,101,3,1,Merge branch 'master' of https://github.com/friendly/Vis-MLM-book,2025-W36,2025-09-01
Vis-MLM-book,08d7aa3e3b9490fa91bdaa53d928d7df04892b64,2025-09-07T18:52:32Z,Michael Friendly,friendly@yorku.ca,138,129,27,"edits to Ch04, 05 - MT comments",2025-W36,2025-09-01
Vis-MLM-book,04bdaab86143a382399aac7e952cb1d6f1c69627,2025-09-08T01:50:54Z,Michael Friendly,friendly@yorku.ca,0,0,2,add icons,2025-W37,2025-09-08
Vis-MLM-book,e9b7511b57515f0c1c9858a24d3e44e6cd10d69a,2025-09-08T16:15:15Z,Michael Friendly,friendly@yorku.ca,336,273,29,"edit Ch07, removing stuff from coffee ex covered in Ch06",2025-W37,2025-09-08
Vis-MLM-book,c54b4ac52060c10982ef341b875d7148259b08d5,2025-09-08T16:22:15Z,Michael Friendly,friendly@yorku.ca,0,0,2,Merge branch 'master' of https://github.com/friendly/Vis-MLM-book,2025-W37,2025-09-08
Vis-MLM-book,a7f8e9bf8024d017a99ba2cf8f8872bbd390bf1d,2025-09-08T18:04:19Z,Michael Friendly,friendly@yorku.ca,430,848,24,more edits to Ch07,2025-W37,2025-09-08
Vis-MLM-book,3ab1ba6b37cffc40505f2e651ea855a834cddcea,2025-09-08T21:54:29Z,Michael Friendly,friendly@yorku.ca,75,55,6,more edits to Ch07,2025-W37,2025-09-08
Vis-MLM-book,1159395e46afc75182233313a9188bec8eabc3eb,2025-09-09T02:20:43Z,Michael Friendly,friendly@yorku.ca,3,2,1,try light/dark mode in _quarto.yml,2025-W37,2025-09-08
Vis-MLM-book,62660611423cc76a0d01c62543f4a702e8d0027c,2025-09-09T02:39:01Z,Michael Friendly,friendly@yorku.ca,47,0,1,test/ggdiagram-pca.R,2025-W37,2025-09-08
Vis-MLM-book,0bea9b6a181df4f9c3e12103707668585e62d9cf,2025-09-09T20:27:05Z,Michael Friendly,friendly@yorku.ca,157,64,25,more edits to Ch07,2025-W37,2025-09-08
Vis-MLM-book,9b026a8fe31788ff4fa5b2b1620e23425ab8b2f9,2025-09-10T02:11:39Z,emstruong,112967876+emstruong@users.noreply.github.com,35,0,1,Chapter 9 notes,2025-W37,2025-09-08
Vis-MLM-book,d35ea2efb7eef260a20584321ac675454b331da5,2025-09-10T18:49:25Z,Michael Friendly,friendly@yorku.ca,167,90,16,"edits to Ch08, MT comments",2025-W37,2025-09-08
Vis-MLM-book,79460efd422c077a20f5c1a9f1ad6b422c9fd235,2025-09-10T20:37:41Z,Michael Friendly,friendly@yorku.ca,30,5,2,try add front matter in latex/before-body.tex,2025-W37,2025-09-08
Vis-MLM-book,54bf4e4701c977a480334861b54af56da1eabb5a,2025-09-11T02:10:22Z,emstruong,112967876+emstruong@users.noreply.github.com,68,0,1,ch 10,2025-W37,2025-09-08
Vis-MLM-book,a05a51b6975db8d6cac2fde7ddd02b2283e6e992,2025-09-11T03:05:02Z,emstruong,112967876+emstruong@users.noreply.github.com,20,0,1,Brief comments,2025-W37,2025-09-08
Vis-MLM-book,7c37d5573eda978ec415e8e8c8e7be80e4a9deb1,2025-09-11T03:12:44Z,emstruong,112967876+emstruong@users.noreply.github.com,3,0,1,More chapter 11 comments,2025-W37,2025-09-08
Vis-MLM-book,f70b85bf9bd46d25336f6f2a19c90d466b900b12,2025-09-11T19:33:55Z,Michael Friendly,friendly@yorku.ca,2080,1962,26,edits to Ch08; example style; knitr options; README,2025-W37,2025-09-08
Vis-MLM-book,89fae36d2b173077f6cd8186353f86f099ac565a,2025-09-11T19:34:16Z,Michael Friendly,friendly@yorku.ca,91,0,1,Merge branch 'master' of https://github.com/friendly/Vis-MLM-book,2025-W37,2025-09-08
Vis-MLM-book,c606b416c5d9d067c7cff24095e9f19bbe4a4f50,2025-09-11T20:01:19Z,Michael Friendly,friendly@yorku.ca,39,11,5,tweak Ch08,2025-W37,2025-09-08
Vis-MLM-book,f90312506c8cd530774d85efd2849e43f8c7d0ad,2025-09-11T20:18:47Z,Michael Friendly,friendly@yorku.ca,24,9,1,edit README,2025-W37,2025-09-08
Vis-MLM-book,d6759c9f489fe41f38aea90eb1e96e6188ae9551,2025-09-11T20:37:50Z,Michael Friendly,friendly@yorku.ca,1,2,1,edit README,2025-W37,2025-09-08
Vis-MLM-book,5a8d0a74e7047c510500003474e812c69c4d24c5,2025-09-12T13:57:25Z,Michael Friendly,friendly@yorku.ca,280,0,2,merge,2025-W37,2025-09-08
Vis-MLM-book,8a90a6e9a7f6f52c145737c4426bae211c280098,2025-09-12T13:57:32Z,Michael Friendly,friendly@yorku.ca,3701,3406,84,Merge branch 'master' of https://github.com/friendly/Vis-MLM-book,2025-W37,2025-09-08
Vis-MLM-book,268f5a34ec0d56d3d93188fb9a9541eadd0292af,2025-09-12T17:48:54Z,Michael Friendly,friendly@yorku.ca,172,76,10,edit Ch10 re MT comments,2025-W37,2025-09-08
Vis-MLM-book,885978fd23c6fea9f29cdc647d49cc41e32c89b3,2025-09-12T18:15:55Z,Michael Friendly,friendly@yorku.ca,20,21,7,edit Ch 11-13 re MT comments,2025-W37,2025-09-08
Vis-MLM-book,175d8dd7eba95d9987c2351b4c086fedb67c6a27,2025-09-12T21:13:09Z,Michael Friendly,friendly@yorku.ca,18426,10455,242,build PDF,2025-W37,2025-09-08
Vis-MLM-book,6485c9f43d1fce6bf31dbcfba02f9fa12e8bb9fb,2025-09-12T21:38:07Z,Michael Friendly,friendly@yorku.ca,3713,919,24,tweak,2025-W37,2025-09-08
Vis-MLM-book,32a7d3b251e39bc63e3d0bff3ea3a4299d9307ab,2025-09-13T01:34:34Z,Michael Friendly,friendly@yorku.ca,59,5,3,iris-lda-ggplot,2025-W37,2025-09-08
Vis-MLM-book,ac8acacc34fc377aa16f0bd6f3cd1c3550f09385,2025-09-13T21:00:34Z,Michael Friendly,friendly@yorku.ca,111,183,8,work on iris-lda-ggplot,2025-W37,2025-09-08
Vis-MLM-book,fe6e4582ae3579ae347c1ae75fae5b359cc9e037,2025-09-13T23:08:49Z,Michael Friendly,friendly@yorku.ca,10,1,1,work on iris-lda-ggplot,2025-W37,2025-09-08
Vis-MLM-book,472663ba007968181fd1898607c46c6320db6c09,2025-09-14T19:37:57Z,Michael Friendly,friendly@yorku.ca,149,21,4,work on possible additions,2025-W37,2025-09-08
Vis-MLM-book,86afb6aeae49d690633c6fdd5ad8cab628db03cd,2025-09-14T22:43:52Z,Michael Friendly,friendly@yorku.ca,55,0,1,try lda from marginaleffects,2025-W37,2025-09-08
Vis-MLM-book,fda17c66ef51bc5d746877c509bbf9e6a9d51a1b,2025-09-15T01:31:24Z,Michael Friendly,friendly@yorku.ca,3,2,1,tweak iris-lda.R,2025-W38,2025-09-15
Vis-MLM-book,88a62874f5a4f764bdb471a58100846914a4e270,2025-09-15T22:52:26Z,Michael Friendly,friendly@yorku.ca,113,22,6,work on iris lda examples,2025-W38,2025-09-15
Vis-MLM-book,bd2cc843a00db2afff502fd45d9356f2ae2f396a,2025-09-15T22:52:41Z,Michael Friendly,friendly@yorku.ca,3,2,1,Merge branch 'master' of https://github.com/friendly/Vis-MLM-book,2025-W38,2025-09-15
Vis-MLM-book,44b24b14fff68f2a2d0df80fefc3ac600ecf915d,2025-09-15T22:55:33Z,Michael Friendly,friendly@yorku.ca,2,2,1,work on iris lda examples,2025-W38,2025-09-15
Vis-MLM-book,7a0bf9cbb42793cdcddeef8a478678134aff8e23,2025-09-16T00:59:29Z,Michael Friendly,friendly@yorku.ca,5,3,1,peng.lda.R,2025-W38,2025-09-15
Vis-MLM-book,0ec409003b3cecffeb711b058abcee4fb4a74e9e,2025-09-16T22:07:40Z,Michael Friendly,friendly@yorku.ca,95,30,5,stuff on discrim / lda,2025-W38,2025-09-15
Vis-MLM-book,3897319366e703029af63f3c9cb532cb7c23c815,2025-09-17T01:33:01Z,Michael Friendly,friendly@yorku.ca,41,0,1,test/rgl-test.qmd,2025-W38,2025-09-15
Vis-MLM-book,f46f632322f27c28605cf486004762547a4bcd33,2025-09-17T19:00:24Z,Michael Friendly,friendly@yorku.ca,912,117,47,work on various chapters,2025-W38,2025-09-15
Vis-MLM-book,61e1c4c5008b422f9cbd2492c80ceb9c4f6442fd,2025-09-17T20:32:04Z,Michael Friendly,friendly@yorku.ca,28,9,1,graphic recommendations in preface,2025-W38,2025-09-15
Vis-MLM-book,6dff360c741a8e5673054554f853754c7481022d,2025-09-18T18:54:02Z,Michael Friendly,friendly@yorku.ca,460,212,9,Preface - resurces,2025-W38,2025-09-15
Vis-MLM-book,409f78ff94e46dcfb63e66f8c740eb33738682e9,2025-09-18T21:24:04Z,Michael Friendly,friendly@yorku.ca,449,392,20,"revise Preface, Author; fix a few xrefs",2025-W38,2025-09-15
Vis-MLM-book,731a6030a2504d9cfd7bda447abaed7171c29d20,2025-09-19T19:46:55Z,Michael Friendly,friendly@yorku.ca,200,91,38,"work on preface, preamble",2025-W38,2025-09-15
Vis-MLM-book,5df29a59d464c9b13355565f0ade9a06327dff6c,2025-09-19T21:28:56Z,Michael Friendly,friendly@yorku.ca,324,182,8,add more recommended books,2025-W38,2025-09-15
Vis-MLM-book,8a83096399cb2ea717166dee6435bb094dee6b38,2025-09-20T00:55:50Z,Michael Friendly,friendly@yorku.ca,1,1,1,prelude title,2025-W38,2025-09-15
Vis-MLM-book,2d6e5591f08cacf44110bbf70db9abf8f39979d4,2025-09-20T18:48:46Z,Michael Friendly,friendly@yorku.ca,76,24,17,recommended books,2025-W38,2025-09-15
Vis-MLM-book,0b5eeddc402237d4f3478845103f2349fb664d0b,2025-09-20T23:17:09Z,Michael Friendly,friendly@yorku.ca,83,14,4,fiddle with test/rgl-test.qmd,2025-W38,2025-09-15
Vis-MLM-book,00bbc66f9d6ae5c65729921c1ef93f12157d508c,2025-09-21T21:28:05Z,Michael Friendly,friendly@yorku.ca,3046,140,61,flesh out 00-Prelude.qmd,2025-W38,2025-09-15
Vis-MLM-book,0890ca7f2624b056a0bcb3436f02b3c77deb76e6,2025-09-21T21:28:37Z,Michael Friendly,friendly@yorku.ca,1,1,1,flesh out 00-Prelude.qmd,2025-W38,2025-09-15
Vis-MLM-book,d3e2bdd4594bb646c78127cbbb46425ea793f2e4,2025-09-22T19:23:35Z,Michael Friendly,friendly@yorku.ca,260,1041,32,finish Prelude; delete stuff from Preface,2025-W39,2025-09-22
Vis-MLM-book,681b640e5de4e432c84d5a28d258a928df4d51bf,2025-09-22T19:53:09Z,Michael Friendly,friendly@yorku.ca,14,2,2,include Prelude discoveries image for PDF,2025-W39,2025-09-22
Vis-MLM-book,bebc165dcd790f90ee92900c1efd8331d1a0ef8f,2025-09-22T21:10:26Z,Michael Friendly,friendly@yorku.ca,45429,9013,225,try to build PDF,2025-W39,2025-09-22
Vis-MLM-book,9c6e3e20f59a886140bd6afa2ef0dc275377e0a1,2025-09-22T23:55:46Z,emstruong,112967876+emstruong@users.noreply.github.com,1,1,1,Small typo,2025-W39,2025-09-22
Vis-MLM-book,7737e3ee254cbcdbd7e5207845f8a25cba3fb5f9,2025-09-23T17:37:29Z,Michael Friendly,friendly@yorku.ca,311,320,195,compile HTML & PDF,2025-W39,2025-09-22
Vis-MLM-book,324d33bd8d3d0897cb29a9e45fbc91ab87212ed5,2025-09-23T19:08:30Z,Michael Friendly,friendly@yorku.ca,1,0,1,add date in copyright pg,2025-W39,2025-09-22
Vis-MLM-book,6e46f54cbc59c2a99f7a2f263e1e1a85cba3996a,2025-09-23T19:08:44Z,Michael Friendly,friendly@yorku.ca,1,1,1,Merge branch 'master' of https://github.com/friendly/Vis-MLM-book,2025-W39,2025-09-22
Vis-MLM-book,edb54ce9a462a33c1f1691c17f3a267a9d785dad,2025-09-23T19:09:49Z,Michael Friendly,friendly@yorku.ca,16,14,8,compile PDF again,2025-W39,2025-09-22
Vis-MLM-book,38e800f41cccb5f3bd4e959583921b6056e641fd,2025-09-24T02:55:37Z,Michael Friendly,friendly@yorku.ca,2,2,1,fix \Large{} issue,2025-W39,2025-09-22
Vis-MLM-book,231c44e746710724b6c0e2c4cbe8c1140bad2ae6,2025-09-24T17:53:41Z,Michael Friendly,friendly@yorku.ca,32970,35185,218,"edits throughout: animated images, quotes",2025-W39,2025-09-22
Vis-MLM-book,01822987c5da5122a1d7c59ecc6afec63fe6df6d,2025-09-24T19:31:44Z,Michael Friendly,friendly@yorku.ca,4211,1829,31,fix some HTML/PDF issues,2025-W39,2025-09-22
Vis-MLM-book,0c65350ab256cabaf0683f0cb72e086d04b6a0db,2025-09-24T21:37:38Z,Michael Friendly,friendly@yorku.ca,41652,111223,247,build HTML & PDF,2025-W39,2025-09-22
Vis-MLM-book,5c26641bcfc5423da41c940ae2befd1cc45d7dd2,2025-09-25T14:17:05Z,Michael Friendly,friendly@yorku.ca,4109,936,25,build HTML to fix xrefs,2025-W39,2025-09-22
Vis-MLM-book,0150654858b08ba0627b1f23a16e8d9c87a6333b,2025-09-25T18:00:31Z,Michael Friendly,friendly@yorku.ca,5096,37,30,edits to correct problems in PDF,2025-W39,2025-09-22
Vis-MLM-book,04fd06db6b86db12c03f4eac64aa11098aa7de0b,2025-09-25T19:50:50Z,Michael Friendly,friendly@yorku.ca,1933,5055,220,fix a few things; re-build both,2025-W39,2025-09-22
Vis-MLM-book,9d2b0bbb552ef1cfec675d1fe24e13f4bbdca6b8,2025-09-25T22:04:15Z,Michael Friendly,friendly@yorku.ca,4146,970,27,fix a few things; re-build HTML,2025-W39,2025-09-22
Vis-MLM-book,6bdac4e13e62f1128de9d1d0f590800a3bc9f8f1,2025-09-25T22:52:31Z,Michael Friendly,friendly@yorku.ca,52,60,11,mathbf -> boldsymbol,2025-W39,2025-09-22
Vis-MLM-book,9bd8dd20f85ec9cba260af40273400fecb5a4e32,2025-09-26T16:13:39Z,Michael Friendly,friendly@yorku.ca,5767,4813,373,use sffamily in headers; re-build,2025-W39,2025-09-22
Vis-MLM-book,77af797b5e91f4b2dfaf6c94f333386394c65dfe,2025-09-26T20:58:21Z,Michael Friendly,friendly@yorku.ca,1860,1332,222,index entries in texttt,2025-W39,2025-09-22
Vis-MLM-book,388c75fb15731cf5db80e806220eb2481b4ac7ac,2025-09-26T21:40:53Z,Michael Friendly,friendly@yorku.ca,1079,1685,202,fix texttt index problems; rm TaylorFrancis from master,2025-W39,2025-09-22
Vis-MLM-book,170914d257e97ace2587de36309b2d517e034fa4,2025-09-27T02:27:29Z,Michael Friendly,friendly@yorku.ca,478,8,4,test-eqn.html note,2025-W39,2025-09-22
Vis-MLM-book,b5e65ecb6464ff9eabd74168fc90497f4332eaad,2025-09-27T22:07:44Z,Michael Friendly,friendly@yorku.ca,1355,46,11,testing eqns,2025-W39,2025-09-22
Vis-MLM-book,866d9126a2658511e57058e11d43f9e7209d5b40,2025-09-27T22:55:05Z,Michael Friendly,friendly@yorku.ca,5187,2936,327,try r func()- gives errors,2025-W39,2025-09-22
Vis-MLM-book,01f49fc9de83709c06cb3288cf600ce196eae64f,2025-09-28T16:30:59Z,Michael Friendly,friendly@yorku.ca,4006,1013,35,test index entries containing _,2025-W39,2025-09-22
Vis-MLM-book,470be444c4ab7efc5b50b7870112f8081c3b4750,2025-09-28T16:53:38Z,Michael Friendly,friendly@yorku.ca,2215,33,10,redo precision plot in Sec 8.8,2025-W39,2025-09-22
Vis-MLM-book,8ccdaab7037882d841303f6833826eea5243b57a,2025-09-29T13:31:22Z,Michael Friendly,friendly@yorku.ca,50,12754,17,re-build HTML,2025-W40,2025-09-29
Vis-MLM-book,d9e3af6a210811f05db350e21b349b39dc0bf200,2025-09-29T22:11:59Z,Michael Friendly,friendly@yorku.ca,3905,10394,231,fix some align eqns; add acknowledgements,2025-W40,2025-09-29
Vis-MLM-book,1465ab41ad77772b4d4bde588cbfa0b77928850f,2025-09-29T22:26:44Z,Michael Friendly,friendly@yorku.ca,3819,932,23,HTML,2025-W40,2025-09-29
Vis-MLM-book,0a4a7e6693300629d2fa9d62f1819a5a87d835c3,2025-09-29T22:39:54Z,Michael Friendly,friendly@yorku.ca,32,26,4,fix align -> aligned,2025-W40,2025-09-29
Vis-MLM-book,e24e8b1b0da7bc7a4ff18a918b293ea081b6c164,2025-09-30T01:05:06Z,Michael Friendly,friendly@yorku.ca,7,5,2,"fix some xrefs- Ch04, 08",2025-W40,2025-09-29
Vis-MLM-book,08c51fb9bf13e21c46e05fb3d54d184849e2e7a2,2025-09-30T13:36:27Z,Michael Friendly,friendly@yorku.ca,1724,4575,211,rebuild both,2025-W40,2025-09-29
Vis-MLM-book,21e1dfecc49191ca4b80440014cdc50e2f494108,2025-09-30T19:28:01Z,Michael Friendly,friendly@yorku.ca,795,563,16,add section on R coding style to Preface,2025-W40,2025-09-29
Vis-MLM-book,17843dacadb66856f041e47ea26201b072643713,2025-09-30T21:43:12Z,Michael Friendly,friendly@yorku.ca,1779,1629,203,finish R coding style; build PDF,2025-W40,2025-09-29
Vis-MLM-book,496cbaf14fb6306a8d2c4df737f8aa6527b28f04,2025-09-30T22:07:50Z,Michael Friendly,friendly@yorku.ca,3859,941,22,rebuild HTML,2025-W40,2025-09-29
Vis-MLM-book,89c92ceeb30f0f03b07f2eb8107599d5ebd1ac04,2025-10-01T01:18:39Z,Michael Friendly,friendly@yorku.ca,2919,2609,11,add cover page to PDF; copy to pdf/,2025-W40,2025-09-29
Vis-MLM-book,bd2b0ced28ba38bb4d177131c1a092524648ffed,2025-10-01T01:48:00Z,Michael Friendly,friendly@yorku.ca,3,0,1,Notes.md,2025-W40,2025-09-29
Vis-MLM-book,58e05ef12cb85af158abd1b02fe36c0aed3446ce,2025-10-01T22:41:47Z,Michael Friendly,friendly@yorku.ca,4160,7107,231,"lots of edits: fig size, MT comments, ...",2025-W40,2025-09-29
Vis-MLM-book,3eb94e2d2c2cbb37c9838c0a79d06ecb7d305bb1,2025-10-01T22:51:31Z,Michael Friendly,friendly@yorku.ca,3847,940,22,build HTML,2025-W40,2025-09-29
Vis-MLM-book,e64fa20dd475b4aed04c02b72d6150ffb008c5f9,2025-10-02T02:01:37Z,Michael Friendly,friendly@yorku.ca,51,44,9,adjust figure sizes Ch03 -Ch08,2025-W40,2025-09-29
Vis-MLM-book,e9cfb88b178d325182cd391daab357ea487406a7,2025-10-02T17:24:19Z,Michael Friendly,friendly@yorku.ca,1367,122,11,Edits to Ch09 - Ch14 re fig sizes; edit preamble.tex,2025-W40,2025-09-29
Vis-MLM-book,f50f58256330bf279ddfecef12c62c4f74efb499,2025-10-02T17:31:23Z,Michael Friendly,friendly@yorku.ca,5,5,4,Accent for Adelie,2025-W40,2025-09-29
Vis-MLM-book,1b8f8bfc5c40eee7ac925f727baed7b1835978a7,2025-10-02T21:21:43Z,Michael Friendly,friendly@yorku.ca,7093,10919,236,"FINAL pass on PDF, few more tweaks on fig sizes",2025-W40,2025-09-29
Vis-MLM-book,e78bae1c9813c92f3e5150de656466f50713aa24,2025-10-03T14:18:10Z,Michael Friendly,friendly@yorku.ca,0,3524,15,cleanup some files,2025-W40,2025-09-29
Vis-MLM-book,8251e67ff569caf361f1ab4c3f0b114ef31275c3,2025-10-03T15:58:52Z,Michael Friendly,friendly@yorku.ca,3967,6783,339,"re-build HTML, again. Sigh!",2025-W40,2025-09-29
Vis-MLM-book,6834d9f670ff25cc6153376139141909c33f6129,2025-10-03T16:20:22Z,Michael Friendly,friendly@yorku.ca,6783,3967,339,"Revert ""re-build HTML, again. Sigh!""",2025-W40,2025-09-29
Vis-MLM-book,0601dfc302432af21068b7ce0702919907f18f3e,2025-10-03T21:11:28Z,Michael Friendly,friendly@yorku.ca,7774,8362,623,test HTML/PDF; start quarto-pains,2025-W40,2025-09-29
Vis-MLM-book,168c2948781f78198e83dd27e635645f05fe8ec3,2025-10-04T15:57:44Z,Michael Friendly,friendly@yorku.ca,3620,0,4,krantz.cls files,2025-W40,2025-09-29
Vis-MLM-book,2ea9e1a2df6a7bacc21639b150a52661ee4d706e,2025-10-04T15:57:51Z,Michael Friendly,friendly@yorku.ca,4862,8974,632,Merge branch 'master' of https://github.com/friendly/Vis-MLM-book,2025-W40,2025-09-29
Vis-MLM-book,9e50ec50fe617c9cf5ce3b047dff824716363b3e,2025-10-04T18:08:12Z,Michael Friendly,friendly@yorku.ca,8099,479,597,rebuild w/ new krantz.cls; cleanup figs/,2025-W40,2025-09-29
Vis-MLM-book,c6bccbc6c87ba28f59ec5af50d150d40ad26c3e5,2025-10-04T18:27:04Z,Michael Friendly,friendly@yorku.ca,2,2,5,cleanup more figs/ files,2025-W40,2025-09-29
Vis-MLM-book,b5dce18dab8da79c3acaac7ae1d88c3fc0a0da06,2025-10-05T15:44:50Z,Michael Friendly,friendly@yorku.ca,30,5072,21,cleanup files,2025-W40,2025-09-29
Vis-MLM-book,a7a374addf920a0e0e51a34c286a45918f4ba986,2025-10-07T17:28:40Z,Michael Friendly,friendly@yorku.ca,41,15,5,correct some spellings/grammar,2025-W41,2025-10-06
Vis-MLM-book,6e338a8d094a817b99e93d53089017f279d92ae9,2025-10-07T21:12:57Z,Michael Friendly,friendly@yorku.ca,54,4,2,"add index entries, Ch04",2025-W41,2025-10-06
Vis-MLM-book,0a323471ad1c4522a2faf1940ea1ecd100792e93,2025-10-08T21:59:08Z,Michael Friendly,friendly@yorku.ca,149,12,5,"index entries, Ch03, 05-08",2025-W41,2025-10-06
Vis-MLM-book,2a91d632d6a59c58c3564996c237cde26d4cdbc6,2025-10-09T02:07:20Z,Michael Friendly,friendly@yorku.ca,19,1,1,index Ch09,2025-W41,2025-10-06
Vis-MLM-book,c909259f74b36dfb2e86f1976657b0203cb2fe3e,2025-10-09T14:35:10Z,Michael Friendly,friendly@yorku.ca,17,2,2,"index Ch09, 10",2025-W41,2025-10-06
Vis-MLM-book,8eb7a2008495e64548378116525cff9255f56894,2025-10-09T18:39:53Z,Michael Friendly,friendly@yorku.ca,101,13,12,"more indexing- child/03* Ch10, 11",2025-W41,2025-10-06
Vis-MLM-book,8f507de1c0d67c327c72816e04c8fd0fe3e6c6e2,2025-10-09T19:53:55Z,Michael Friendly,friendly@yorku.ca,3962,6561,350,"build both, fix index errors",2025-W41,2025-10-06
Vis-MLM-book,1dfbf8fdd409c36b9b9ab1c132bc9aba175000de,2025-10-09T21:11:38Z,Michael Friendly,friendly@yorku.ca,417,343,200,rebuild PDF with new index entries,2025-W41,2025-10-06
Vis-MLM-book,1a6d393df313a67a22a1a4f2862b5ad21352be09,2025-10-10T21:36:48Z,Michael Friendly,friendly@yorku.ca,15,341,6,try ixp in pkg(); add index entries,2025-W41,2025-10-06
Vis-MLM-book,0000a21d8b945ef879bef4f50f5a5ea35103c700,2025-10-10T21:38:32Z,Michael Friendly,friendly@yorku.ca,4,1,3,try ixp in pkg(); add index entries,2025-W41,2025-10-06
Vis-MLM-book,c7b0fe8f6e7673c6aaf31c5287216f222dd8563b,2025-10-12T02:33:56Z,Michael Friendly,friendly@yorku.ca,20,0,1,peng-ctree.R,2025-W41,2025-10-06
Vis-MLM-book,b82d3b9e7d94c6467634a9ee4c86a2a4f8935d4e,2025-10-12T02:35:38Z,Michael Friendly,friendly@yorku.ca,6,5,1,peng-ctree.R,2025-W41,2025-10-06
Vis-MLM-book,521dfacfe87b413bd10c0fafe0c0c5cacb8938bc,2025-10-12T02:45:04Z,Michael Friendly,friendly@yorku.ca,21,0,1,fanci-color,2025-W41,2025-10-06
Vis-MLM-book,fd188f8ee531696e7737b51c5e5f3a012fffefaf,2025-10-16T15:12:48Z,Michael Friendly,friendly@yorku.ca,5877,1795,220,re-build HTML,2025-W42,2025-10-13
Vis-MLM-book,c62baa5d1c4db36035cc3fca9135196d647ad1df,2025-10-16T15:13:23Z,Michael Friendly,friendly@yorku.ca,42,0,2,Merge branch 'master' of https://github.com/friendly/Vis-MLM-book,2025-W42,2025-10-13
Vis-MLM-book,ec80faab0b35d92ad6e93b3c5e08f5d75449b962,2025-10-16T20:32:56Z,Michael Friendly,friendly@yorku.ca,5144,8012,216,re-build both; no geometry,2025-W42,2025-10-13
Vis-MLM-book,30e61b3f994261616c08c5fd9853766512878c38,2025-10-17T17:15:33Z,Michael Friendly,friendly@yorku.ca,8,1,19,move test-eqn stuff to test/,2025-W42,2025-10-13
Vis-MLM-book,d7f8923cf8d357ec7823804e66ef2a91236778a3,2025-10-17T18:33:06Z,Michael Friendly,friendly@yorku.ca,15,15,17,renumber chapter .qmd files,2025-W42,2025-10-13
Vis-MLM-book,b8d6b445b42e4cde1a141ed5eb62978360262a65,2025-10-17T19:27:44Z,Michael Friendly,friendly@yorku.ca,5784,2885,415,bump figs/ch refs for new chapter numbers; re-build HTML,2025-W42,2025-10-13
Vis-MLM-book,4e37c962a2ddc4b3c830313da80a8ddab96241a3,2025-10-17T19:44:25Z,Michael Friendly,friendly@yorku.ca,2885,5784,415,"Revert ""bump figs/ch refs for new chapter numbers; re-build HTML""",2025-W42,2025-10-13
Vis-MLM-book,c2091c15be9f5dc42e721f2fae05cc4e0b83790a,2025-10-17T20:56:07Z,Michael Friendly,friendly@yorku.ca,4277,1371,572,try to sort out figs/ch files,2025-W42,2025-10-13
Vis-MLM-book,82a6e4f16f2d20b41668599d3b97bc0c8f41d3c0,2025-10-18T20:17:19Z,Michael Friendly,friendly@yorku.ca,5036,6121,620,cleanup child/ files & some figs/,2025-W42,2025-10-13
Vis-MLM-book,81c2cc0df294c971381aaf14bec0a733344f8e22,2025-10-18T21:47:14Z,Michael Friendly,friendly@yorku.ca,196,197,347,more figure cleanup,2025-W42,2025-10-13
Vis-MLM-book,7331f69d33b0774f255880af2bcbc74a45ff1d3f,2025-10-19T18:08:53Z,Michael Friendly,friendly@yorku.ca,0,0,112,cleanup figs/ thru Ch10,2025-W42,2025-10-13
Vis-MLM-book,ef7c268822094a681b2dc6c200b5d07e8b42d085,2025-10-19T20:35:49Z,Michael Friendly,friendly@yorku.ca,33,33,263,more fig cleanup Ch12,2025-W42,2025-10-13
Vis-MLM-book,208316b2e6071a8c3950c70f0e12b57d99d86973,2025-10-20T14:57:28Z,Michael Friendly,friendly@yorku.ca,250,256,248,cleanup figs/ Ch13-Ch15,2025-W43,2025-10-20
Vis-MLM-book,3a3722de51bb4bd00e406a44885b95d3bb1af794,2025-10-20T15:01:36Z,Michael Friendly,friendly@yorku.ca,8137,6323,785,Merge pull request #47 from friendly/renumber-ch,2025-W43,2025-10-20
Vis-MLM-book,f243e87720dfba35a82d62e4bb2a1b42ab800c7b,2025-10-21T20:34:52Z,Michael Friendly,friendly@yorku.ca,972,6,2,work on 10-discrim.qmd,2025-W43,2025-10-20
Vis-MLM-book,134fcdc891c3ec67877717ac20644f79fd15ce4d,2025-10-22T23:03:39Z,Michael Friendly,friendly@yorku.ca,136,13,6,work on discrim examples,2025-W43,2025-10-20
Vis-MLM-book,7e8b363c96b23b4f528d0996eda137de85a1bf9b,2025-10-23T21:44:53Z,Michael Friendly,friendly@yorku.ca,119,45,5,R/predict_discrim.R and work on 10-discrim.qmd,2025-W43,2025-10-20
Vis-MLM-book,f7e6aa36db24c0873f034643834bd5204f333af3,2025-10-24T22:15:58Z,Michael Friendly,friendly@yorku.ca,8426,37,34,work on 10-discrim stuff,2025-W43,2025-10-20
Vis-MLM-book,f81452042ef5afbf56518b5b51c625c8ac39a617,2025-10-25T01:23:26Z,Michael Friendly,friendly@yorku.ca,615,57,8,edits to 10-discrim,2025-W43,2025-10-20
Vis-MLM-book,7ece8696758584506ba57a0bcd898ef5e1772b22,2025-10-25T21:41:57Z,Michael Friendly,friendly@yorku.ca,193,17,5,work on 10-discrim stuff,2025-W43,2025-10-20
Vis-MLM-book,0f2dc859e465e9d0f4c4adc84c375970bc00334c,2025-10-26T21:39:03Z,Michael Friendly,friendly@yorku.ca,578,112,14,add discrim boundaries example,2025-W43,2025-10-20
Vis-MLM-book,e6afb7207ffaa99647d55d68cd3b12073680722b,2025-10-27T00:40:52Z,Michael Friendly,friendly@yorku.ca,12,0,1,peng-lda-ggplot2,2025-W44,2025-10-27
Vis-MLM-book,19bf88371c1115a2b91c04595332009d538bcdc2,2025-10-27T01:05:32Z,Michael Friendly,friendly@yorku.ca,27,2,1,"LD1, LD2 discrim plot",2025-W44,2025-10-27
Vis-MLM-book,23254904357ec17b6684ce040f423f38bd76c5c7,2025-10-27T20:55:23Z,Michael Friendly,friendly@yorku.ca,477,213,8,completed draft of 10-discrim,2025-W44,2025-10-27
Vis-MLM-book,a187f23a000e97823420e73869bb4cc945a00ed9,2025-10-28T02:42:15Z,Michael Friendly,friendly@yorku.ca,253,10,5,try reflect,2025-W44,2025-10-27
Vis-MLM-book,d3c104e61a87c6b96d0963efa0e0842e7496618a,2025-10-28T22:18:25Z,Michael Friendly,friendly@yorku.ca,59,13,2,try predict_grid.R,2025-W44,2025-10-27
Vis-MLM-book,104cdf84bab9c934c2e1352a5cadfaa0716450f2,2025-10-29T22:48:26Z,Michael Friendly,friendly@yorku.ca,351,55,8,add MANOVA ex to discrim,2025-W44,2025-10-27
Vis-MLM-book,bdd7471334cd60c9d8118172a77cd435a80f4a0c,2025-10-30T15:13:58Z,Michael Friendly,friendly@yorku.ca,107,15,6,add canonical HE plot,2025-W44,2025-10-27
Vis-MLM-book,661d6991ad105e8cc298659a318882e0899f00b3,2025-10-30T19:52:43Z,Michael Friendly,friendly@yorku.ca,797,6,5,10-discrim becomes appendix chapter,2025-W44,2025-10-27
Vis-MLM-book,0392affd75774796fa263eea4f20a00272ed981f,2025-10-30T21:51:10Z,Michael Friendly,friendly@yorku.ca,16,3,2,work on predict_discrim.R,2025-W44,2025-10-27
Vis-MLM-book,c26de5a1d316db998f2d368f7b04b035c6602643,2025-10-31T16:52:54Z,Michael Friendly,friendly@yorku.ca,2031,1493,74,21-discrim now Appendix A,2025-W44,2025-10-27
Vis-MLM-book,76c21aed0fab051f9ae27801f320688b906f3059,2025-10-31T17:44:06Z,Michael Friendly,friendly@yorku.ca,44,45,9,fix some discrim problems,2025-W44,2025-10-27
Vis-MLM-book,fc533ed4792e365e88ab96c4ec708b50d708a51f,2025-10-31T21:21:08Z,Michael Friendly,friendly@yorku.ca,6,4740,20,clean up discrim files,2025-W44,2025-10-27
Vis-MLM-book,8432c1d149e4baff7cd98b84b88d045d99e3c20e,2025-11-04T22:08:36Z,Michael Friendly,friendly@yorku.ca,22,7,1,edits to 21-discrim,2025-W45,2025-11-03
Vis-MLM-book,45d4f7efc55d4526b47228c30442404c7d600175,2025-11-05T14:51:56Z,Michael Friendly,friendly@yorku.ca,2042,6231,91,edit 21-discrim,2025-W45,2025-11-03
Vis-MLM-book,9031f57f0e4d9b0f845cd884e0540373749dd06c,2025-11-05T23:54:55Z,Michael Friendly,friendly@yorku.ca,148,90,12,work on 21-discrim,2025-W45,2025-11-03
Vis-MLM-book,1fa1955b43306fccd7dd92b0cefdef1a026f6ebf,2025-11-06T02:51:50Z,Michael Friendly,friendly@yorku.ca,10,0,1,add colorize_bg,2025-W45,2025-11-03
Vis-MLM-book,0896cf6d4cac6a53401ad313f5fc3c15d088b1ab,2025-11-06T02:53:41Z,Michael Friendly,friendly@yorku.ca,2,1,1,add colorize_bg,2025-W45,2025-11-03
Vis-MLM-book,2f2e6a18885ae762724f4f04f0fcc2dd7d8bf59e,2025-11-06T20:09:54Z,Michael Friendly,friendly@yorku.ca,54,4467,18,work on 21-discrim,2025-W45,2025-11-03
Vis-MLM-book,de291678a4c60b981e69f819210859c4494237f9,2025-11-06T20:10:01Z,Michael Friendly,friendly@yorku.ca,12,1,1,Merge branch 'master' of https://github.com/friendly/Vis-MLM-book,2025-W45,2025-11-03
Vis-MLM-book,0569814114a55276b47690a6a20717eea25d7b83,2025-11-06T23:08:33Z,Michael Friendly,friendly@yorku.ca,3,2,1,adjust colorize(),2025-W45,2025-11-03
Vis-MLM-book,5911d92047028721ba5ea5eb78c4d1dacadafa52,2025-11-07T19:02:00Z,Michael Friendly,friendly@yorku.ca,5094,1,20,testing colorize solutions,2025-W45,2025-11-03
Vis-MLM-book,8988bb5a6739db98de2fe846bc0fdd2b93d74a7c,2025-11-07T22:25:48Z,Michael Friendly,friendly@yorku.ca,298,148,2,colorize-text,2025-W45,2025-11-03
Vis-MLM-book,f9002eea306a78fda38bc293e4a38b9f281e76ca,2025-11-09T16:18:43Z,Michael Friendly,friendly@yorku.ca,81,5242,20,colorize tests to pkg,2025-W45,2025-11-03
Vis-MLM-book,5181eda069fb63b7064356881b44b7980670dc6b,2025-11-09T22:10:16Z,Michael Friendly,friendly@yorku.ca,4060,74,14,work on 21-discrim; test rpart stuff; geom_means,2025-W45,2025-11-03
Vis-MLM-book,a1f4f5f162f2b2135cceed07cc67255bcebf7352,2025-11-10T03:07:42Z,Michael Friendly,friendly@yorku.ca,32,1,1,peng-parttree,2025-W46,2025-11-10
Vis-MLM-book,f5ee1831d9d914cb2f67335eacd7ed6ba7ab209e,2025-11-10T22:41:42Z,Michael Friendly,friendly@yorku.ca,29,3735,5,stuff on qda,2025-W46,2025-11-10
Vis-MLM-book,64e792b185a5c5073d3dbec10c03c8e838bde3f0,2025-11-11T02:57:39Z,Michael Friendly,friendly@yorku.ca,11,2,1,fiddle with geom_means,2025-W46,2025-11-10
Vis-MLM-book,a196eb2cd6db2790387eebf96bf512d34b458512,2025-11-11T13:51:48Z,Michael Friendly,friendly@yorku.ca,43,3,2,Merge branch 'master' of https://github.com/friendly/Vis-MLM-book,2025-W46,2025-11-10
Vis-MLM-book,6923bfca8300233b31cbab7c45bdbc5936e3d0e7,2025-11-11T22:35:10Z,Michael Friendly,friendly@yorku.ca,3862,35,10,qda() stuff in 21-discrim,2025-W46,2025-11-10
Vis-MLM-book,3c9a61c8361f90246bf71f9ebe6624dc76e8580c,2025-11-11T22:35:55Z,Michael Friendly,friendly@yorku.ca,1,3738,3,qda() stuff in 21-discrim,2025-W46,2025-11-10
Vis-MLM-book,f21332de2e65beb715acb97cd47b3678d0af22b8,2025-11-12T19:43:31Z,Michael Friendly,friendly@yorku.ca,135,190,27,re-build HTML for App A,2025-W46,2025-11-10
Vis-MLM-book,328683703942c34e1d2691ed9f9934917bc089d9,2025-11-12T19:46:49Z,Michael Friendly,friendly@yorku.ca,73,0,2,discrim-history,2025-W46,2025-11-10
Vis-MLM-book,0e92b658fae0da813102424132c6f604a1f43f01,2025-11-12T19:47:04Z,Michael Friendly,friendly@yorku.ca,135,190,27,Merge branch 'master' of https://github.com/friendly/Vis-MLM-book int…,2025-W46,2025-11-10
Vis-MLM-book,f1ba389c7580df82af22b1c7a704016db342877d,2025-11-12T20:29:07Z,emstruong,112967876+emstruong@users.noreply.github.com,82,0,1,Some comments,2025-W46,2025-11-10
Vis-MLM-book,da894ada0b0837356dfaf444ec415ea6e7f26d86,2025-11-12T21:55:14Z,Michael Friendly,friendly@yorku.ca,33,0,2,begin history corner for 21-discrim,2025-W46,2025-11-10
Vis-MLM-book,f2767f04836e803c1ae9035f0c1fbfb71307db42,2025-11-12T21:55:35Z,Michael Friendly,friendly@yorku.ca,82,0,1,Merge branch 'master' of https://github.com/friendly/Vis-MLM-book,2025-W46,2025-11-10
Vis-MLM-book,31dabc97a218b5f4efc526d82ef3d1af3c9da0e4,2025-11-13T22:02:19Z,Michael Friendly,friendly@yorku.ca,376,138,16,add LDA illustration,2025-W46,2025-11-10
Vis-MLM-book,17d642048dca44f12b34b772f68f7bdf83469852,2025-11-14T19:25:01Z,Michael Friendly,friendly@yorku.ca,221,207,30,more work on 21-discrim,2025-W46,2025-11-10
Vis-MLM-book,8d4138e46c614c42c893d9c566983ab84c2a64fd,2025-11-14T22:10:30Z,Michael Friendly,friendly@yorku.ca,66,13,5,work on 21-discrim,2025-W46,2025-11-10
Vis-MLM-book,a2f3883905a125d95f3e1f5a56aba452c2c04c5d,2025-11-15T02:44:42Z,Michael Friendly,friendly@yorku.ca,10,10,2,try magick-collage,2025-W46,2025-11-10
Vis-MLM-book,cd73677caecbb2812e90511bd0f6ff7a7c458fbd,2025-11-15T03:37:16Z,Michael Friendly,friendly@yorku.ca,15,6,1,make discrim-demo into a gist,2025-W46,2025-11-10
Vis-MLM-book,932c60838cfe7824904f3b896bdc756ad4db5cdc,2025-11-15T03:37:33Z,Michael Friendly,friendly@yorku.ca,285,218,33,Merge branch 'master' of https://github.com/friendly/Vis-MLM-book int…,2025-W46,2025-11-10
Vis-MLM-book,d14475e6a68866823ca45181fcc9aeb00399fd62,2025-11-15T23:01:37Z,Michael Friendly,friendly@yorku.ca,42,62,6,start iris example in 21-discrim,2025-W46,2025-11-10
Vis-MLM-book,73050109872a3d23c412eab3e1529f2d679647d8,2025-11-16T20:39:08Z,Michael Friendly,friendly@yorku.ca,83,36,5,add iris example to 21-discrim,2025-W46,2025-11-10
Vis-MLM-book,abb85886a1048cfb7768ec8363670b5525508630,2025-11-16T23:02:38Z,Michael Friendly,friendly@yorku.ca,25,1,2,add Mahalanobis1936 ref,2025-W46,2025-11-10
Vis-MLM-book,8018d1e95a8f2efe777d8eb4e17e49c477c41422,2025-11-17T22:29:39Z,Michael Friendly,friendly@yorku.ca,40,6,5,add some discrim refs,2025-W47,2025-11-17
Vis-MLM-book,a833c81d2481efac6bf02afa9863cb420146236d,2025-11-28T18:13:38Z,Michael Friendly,friendly@yorku.ca,57,5,3,text.usr -> text_usr,2025-W48,2025-11-24
Vis-MLM-book,470fdeb4be56ecacad45a05ed5ca62d9f2301237,2025-11-28T18:13:57Z,Michael Friendly,friendly@yorku.ca,201,107,11,Merge branch 'master' of https://github.com/friendly/Vis-MLM-book,2025-W48,2025-11-24
Vis-MLM-book,58b025549a1a336d03eab8357d725ff484582e73,2025-12-02T00:52:05Z,Michael Friendly,friendly@yorku.ca,10,0,1,test/fig-cap-glue.R,2025-W49,2025-12-01
Vis-MLM-book,bbd3a7531f0e47372f8dca27a2dc6ed21ec5b6eb,2025-12-02T00:52:14Z,Michael Friendly,friendly@yorku.ca,233,96,11,Merge branch 'master' of https://github.com/friendly/Vis-MLM-book int…,2025-W49,2025-12-01
Vis-MLM-book,e16e46dc66bca63ad30c13a916d53de88eac58a0,2025-12-21T16:06:52Z,Michael Friendly,friendly@yorku.ca,30,21,10,re-ran Ch 11,2025-W51,2025-12-15
Vis-MLM-book,2c330a8329cb7584e8e132e078ebbfbfd265c488,2026-03-30T15:28:20Z,Michael Friendly,friendly@yorku.ca,203,2,11,Re-organize issue topics into,2026-W14,2026-03-30
Vis-MLM-book,7ee87335e6fa0774ec45f90077027bca974d8010,2026-03-30T16:47:22Z,Michael Friendly,friendly@yorku.ca,163,27,16,reorganize working-text/ files to issues/,2026-W14,2026-03-30
Vis-MLM-book,5184113e8be016eccc851f3d0327f0291725a2ee,2026-03-30T18:08:37Z,Michael Friendly,friendly@yorku.ca,15,11,5,Move some test/ files to issues/,2026-W14,2026-03-30
Vis-MLM-book,ad6e22cca9777c7734995cbbdc2b387c1caee27c,2026-04-03T16:34:51Z,Michael Friendly,friendly@yorku.ca,13758,99196,543,work on issues/Tasks-Issues.md; test rebuilding of PDF,2026-W14,2026-03-30
Vis-MLM-book,58c41ea75feccdee3721125d89e215845d07c7f1,2026-04-03T17:34:42Z,Michael Friendly,friendly@yorku.ca,50376,51,715,Build both,2026-W14,2026-03-30
Vis-MLM-book,9c39bde4ec7634d85987b1e44d03fd8c17caa1b0,2026-04-03T18:05:03Z,Michael Friendly,friendly@yorku.ca,214,0,6,claude-memory; task-authorindex.md,2026-W14,2026-03-30
Vis-MLM-book,918f78a39b8cf6876a473aa7e661415e482936f6,2026-04-04T02:57:59Z,Michael Friendly,friendly@yorku.ca,42,0,3,reviews,2026-W14,2026-03-30
Vis-MLM-book,bf54ed37a77e87ba6747a2201d6e4289f24a6d46,2026-04-04T02:58:05Z,Michael Friendly,friendly@yorku.ca,16389,50938,633,Merge branch 'master' of https://github.com/friendly/Vis-MLM-book int…,2026-W14,2026-03-30
Vis-MLM-book,0d60c66429820aa2c13215a5406f0c5f464dff4a,2026-04-04T20:37:16Z,Michael Friendly,friendly@yorku.ca,41067,6212,595,re-build both to test authorindex,2026-W14,2026-03-30
Vis-MLM-book,5f2caaf5472d86764cf3cf85756961a7619d4527,2026-04-05T17:35:47Z,Michael Friendly,friendly@yorku.ca,181,74,205,work on authorindex problems,2026-W14,2026-03-30
Vis-MLM-book,2edd62cdffdf146adae45992f7c4bd26e2a9b68d,2026-04-05T20:12:52Z,Michael Friendly,friendly@yorku.ca,5275,36978,226,investigate TOC problems,2026-W14,2026-03-30
Vis-MLM-book,ba409a0df0f0ed66386182ed2a91cac9dfbe5671,2026-04-06T19:09:27Z,Michael Friendly,friendly@yorku.ca,1343,859,216,work on index problem,2026-W15,2026-04-06
Vis-MLM-book,3a662e486eb4f5308536313c29b5b28c69d407fc,2026-04-06T19:46:17Z,Michael Friendly,friendly@yorku.ca,264,213,200,fix index ch04,2026-W15,2026-04-06
Vis-MLM-book,a3ddd5b934ed2237a302a06fe0589d06e567a6e0,2026-04-06T20:43:33Z,Michael Friendly,friendly@yorku.ca,1256,785,220,fix index func() in remaining chapters,2026-W15,2026-04-06
Vis-MLM-book,1f10906761c01b0f8dfeebee3f2b9a2396f3e9e4,2026-04-10T22:47:50Z,Michael Friendly,friendly@yorku.ca,191,189,16,spelling/grammar checking on all .qmd files,2026-W15,2026-04-06
Vis-MLM-book,52fb5a9e32481de974cb876e3f8f13b027ced0a5,2026-04-14T15:18:21Z,Michael Friendly,friendly@yorku.ca,18577,4739,267,Solved mysterious bug from index commands,2026-W16,2026-04-13
Vis-MLM-book,877ef5cee15eeec662466f52db642ff4a2e7f2b7,2026-04-14T19:07:26Z,Michael Friendly,friendly@yorku.ca,4671,40,20,quarto-pandoc-tests,2026-W16,2026-04-13
Vis-MLM-book,46cf32ad305ca3a8a432826490d221036a0e4f31,2026-04-14T22:18:34Z,Michael Friendly,friendly@yorku.ca,137,0,1,quarto-pandoc-tests-reply,2026-W16,2026-04-13
Vis-MLM-book,4715ca0114922390d022ccf98d8769ade909e9f8,2026-04-14T22:53:32Z,Michael Friendly,friendly@yorku.ca,198,1,2,add build.sh,2026-W16,2026-04-13
Vis-MLM-book,8f7177155a4963f98129717a8c2938442bef9617,2026-04-15T01:22:11Z,Michael Friendly,friendly@yorku.ca,28207,5137,678,Merge branch 'master' of https://github.com/friendly/Vis-MLM-book int…,2026-W16,2026-04-13
Vis-MLM-book,a99e29ee93ed818f0172dddbc3be6e5621a7898b,2026-04-16T21:01:40Z,Michael Friendly,friendly@yorku.ca,458,323,208,work on re-building issues; edits to 10-Hotelling,2026-W16,2026-04-13
Vis-MLM-book,abd029ccfdfdc9e83dbaf096d9cce258e0b6d905,2026-04-16T21:12:40Z,Michael Friendly,friendly@yorku.ca,162,5,8,update memory/ with session notes from 2026-04-15/16,2026-W16,2026-04-13
Vis-MLM-book,59cfbbadedf99918e08282d50e13363d992accaf,2026-04-17T20:41:51Z,Michael Friendly,friendly@yorku.ca,450,24,25,Profile-based build setup (on hold); normalize fig.code script,2026-W16,2026-04-13
Vis-MLM-book,a86cf004115763046f97e176d3f1c1c8124a146f,2026-04-17T21:01:09Z,Michael Friendly,friendly@yorku.ca,158,2,2,make Rcode.qmd script,2026-W16,2026-04-13
Vis-MLM-book,97be9d470629aa1a2fde8ebfc329a6bfd51341bb,2026-04-18T20:17:24Z,Michael Friendly,friendly@yorku.ca,4631,22,21,work on R code appendix; scan .qmd to find other fig code files,2026-W16,2026-04-13
Vis-MLM-book,5cfa57d72c316df0a0fd913e94551638ead7b877,2026-04-19T19:01:53Z,Michael Friendly,friendly@yorku.ca,255,117,23,work on files related to making Rcode.qmd appendix,2026-W16,2026-04-13
Vis-MLM-book,90d5e9fd4b559e4593c14587c45565dec1d2dd30,2026-04-19T19:42:09Z,Michael Friendly,friendly@yorku.ca,1198,545,47,add Rcode appendix,2026-W16,2026-04-13
Vis-MLM-book,028ba6c919b7dd35774330b66d087ec9d9157c2d,2026-04-21T21:54:27Z,Michael Friendly,friendly@yorku.ca,8,0,2,note pollen-animation in 01-prelude,2026-W17,2026-04-20
Vis-MLM-book,b3c417bb81217700ae12df0c221d083261576288,2026-04-21T22:23:20Z,Michael Friendly,friendly@yorku.ca,1061,435,203,build both,2026-W17,2026-04-20
Vis-MLM-book,ba019eb55ee316e5b5d9f32037f8cd0fb5a094d9,2026-04-24T00:35:17Z,Michael Friendly,friendly@yorku.ca,8019,1111,315,Merge branch 'master' of https://github.com/friendly/Vis-MLM-book int…,2026-W17,2026-04-20
Vis-MLM-book,d783da8b091715d140bc96683f87ab55f0b6401f,2026-04-24T00:49:03Z,Michael Friendly,friendly@yorku.ca,1,11259,41,delete unnecessary files,2026-W17,2026-04-20
Vis-MLM-book,6bae06d2ea14a22493109123a46392bca9fbca4d,2026-04-24T01:43:29Z,Michael Friendly,friendly@yorku.ca,50,0,4,add working-text/RA-work.md,2026-W17,2026-04-20
Vis-MLM-book,61f9682b87e95456255fc79d98e400d7cf733ed8,2026-04-24T01:49:26Z,Michael Friendly,friendly@yorku.ca,2,1,1,add working-text/RA-work.md,2026-W17,2026-04-20
Vis-MLM-book,32eed5bf24dd0f097ec4f6334afa441fb0fa2f3c,2026-04-24T15:14:17Z,Michael Friendly,friendly@yorku.ca,35533,9,20,RA work,2026-W17,2026-04-20
Vis-MLM-book,e6f7c1110b56f84635155c57cf8822fe6fc4e073,2026-04-24T18:33:00Z,Michael Friendly,friendly@yorku.ca,7725,62,10,edit RA-work; add issues/task-diagrams and test examples,2026-W17,2026-04-20
Vis-MLM-book,1974721b8dd5c29a62466105a822b8cf9fac1bcc,2026-04-25T16:35:04Z,Michael Friendly,friendly@yorku.ca,2,1,1,claude settings,2026-W17,2026-04-20
Vis-MLM-book,82590becaea0ea489ecc6cbdc8c3d130bf272c4a,2026-04-25T16:37:16Z,Michael Friendly,friendly@yorku.ca,39555,7497,59,claude settings,2026-W17,2026-04-20
Vis-MLM-book,eb1294718fddf65769ae9fa0522aeafb6d3635c4,2026-04-25T22:43:29Z,gklorfine,gklorfine@rogers.com,1,0,1,Added missing code-summary tag to theme-penguins,2026-W17,2026-04-20
Vis-MLM-book,0932a56321d6d2de800cd3cf33b4322644e51df0,2026-04-25T22:44:41Z,gklorfine,gklorfine@rogers.com,142,0,2,"Started code-fold audit, left comments under reviews/",2026-W17,2026-04-20
Vis-MLM-book,03800119434fd224b4745934fc642d8c27bf51ac,2026-04-25T22:45:16Z,gklorfine,gklorfine@rogers.com,1,0,1,Add `.positai` to `.gitignore`,2026-W17,2026-04-20
Vis-MLM-book,f03190b3d1fd4d48ab6a6611b663c422f675b93c,2026-04-25T23:22:20Z,Michael Friendly,friendly@yorku.ca,50,19,1,add smartdiagram to index.qmd,2026-W17,2026-04-20
Vis-MLM-book,6995f69bb9d55cca94fac8c9cfae5acb25afbd13,2026-04-26T18:27:59Z,Michael Friendly,friendly@yorku.ca,745,1463,18,part diagram in index; notes on issues,2026-W17,2026-04-20
Vis-MLM-book,448413b6fbae6eea71d6d5777bae03bd4256fd3f,2026-04-27T21:45:37Z,gklorfine,gklorfine@rogers.com,782,1470,17,Merge branch 'master' into GK-work,2026-W18,2026-04-27
Vis-MLM-book,46db862390757c3457f76bf719b566a9983f77e7,2026-04-27T22:22:21Z,Michael Friendly,friendly@yorku.ca,19,11,4,work on overview,2026-W18,2026-04-27
Vis-MLM-book,4d56198ba8c95cc04a9bec9ad3a259c30a38f80b,2026-04-27T23:51:28Z,gklorfine,gklorfine@rogers.com,62,2,2,Complete code-fold audit up to and including Chapter 4,2026-W18,2026-04-27
Vis-MLM-book,211494f964fbd4b9bae6d7d993e1c432f61b081f,2026-04-27T23:53:02Z,gklorfine,gklorfine@rogers.com,19,11,4,Merge branch 'master' into GK-work,2026-W18,2026-04-27
Vis-MLM-book,06ee9f9f8476e95536ede7ef11c4a16be583b1b8,2026-04-28T00:44:47Z,Michael Friendly,friendly@yorku.ca,133,1,2,task-penguins.md,2026-W18,2026-04-27
Vis-MLM-book,caac6300a74aa01d2c857c4b397da4ffbee99287,2026-04-29T23:15:52Z,gklorfine,gklorfine@rogers.com,108,3,2,Complete code-fold audit up to and including Chapter 7,2026-W18,2026-04-27
Vis-MLM-book,7925ccd157e050e2882d19bac2c0b8908fe85006,2026-04-30T15:01:55Z,Michael Friendly,friendly@yorku.ca,569,525,13,add image-compression-SVD fig to ch5,2026-W18,2026-04-27
Vis-MLM-book,3688e0124278ce0c5fdd025e921d0c384246e293,2026-04-30T20:10:03Z,gklorfine,gklorfine@rogers.com,52,2,2,Complete code-fold audit up to and including Chapter 9,2026-W18,2026-04-27
Vis-MLM-book,ff6c24f05ea401d25de1f0ad53bc1d6c303016d7,2026-04-30T20:10:50Z,gklorfine,gklorfine@rogers.com,569,525,13,Merge branch 'master' into GK-work,2026-W18,2026-04-27
Vis-MLM-book,834535ca2d24d4111c3adc9bc5ad89f2a9288223,2026-04-30T20:36:19Z,Michael Friendly,friendly@yorku.ca,6187,37036,238,fixed cover issue,2026-W18,2026-04-27
Vis-MLM-book,e5aa6f8248deb563b16c95a2c71bcb81e7c7140d,2026-05-01T16:44:39Z,Michael Friendly,friendly@yorku.ca,64,5180,22,fix ggplot/ggplot2 references,2026-W18,2026-04-27
Vis-MLM-book,e338ccb33ec714e228384c29155b264de518cc5d,2026-05-01T17:13:47Z,gklorfine,gklorfine@rogers.com,6251,42216,259,Merge branch 'master' into GK-work,2026-W18,2026-04-27
Vis-MLM-book,4b14be49c1ccd146f15ca9c04e87d57a1399a3a8,2026-05-02T20:46:35Z,Michael Friendly,friendly@yorku.ca,116,1,3,fix TOC numbering/sidebar issue,2026-W18,2026-04-27
Vis-MLM-book,8b3e8c9ce1252c803bbb01925587158825b00218,2026-05-03T15:53:54Z,Michael Friendly,friendly@yorku.ca,3503,3475,223,test unnumbered Preface,2026-W18,2026-04-27
Vis-MLM-book,68d5edb914bdcc5e48b82b983b1941b2bfa47ef5,2026-05-03T17:47:13Z,gklorfine,gklorfine@rogers.com,6,18,2,Modify code audit for consistency,2026-W18,2026-04-27
Vis-MLM-book,c80788f4af81291ea7c005b3b8ea1dba7ec0eb73,2026-05-03T17:48:26Z,gklorfine,gklorfine@rogers.com,3619,3476,225,Merge branch 'master' into GK-work,2026-W18,2026-04-27
Vis-MLM-book,f08d3cc26c75fe57075c26fa727c2c1b3f22a7d6,2026-05-03T19:19:17Z,gklorfine,gklorfine@rogers.com,10,2,2,Complete audit up to and including Chapter 10,2026-W18,2026-04-27
Vis-MLM-book,6aa3c0d34e7fc0c42ba68bda4a403563631c7a2e,2026-05-04T16:47:23Z,Michael Friendly,friendly@yorku.ca,6698,2950,227,swapped 21-discrim and 15-case-studies,2026-W19,2026-05-04
Vis-MLM-book,1b99e246267dfeeaad696ef30e0c50355dd23dac,2026-05-05T18:07:40Z,Michael Friendly,friendly@yorku.ca,5530,8958,218,task-code-fold-audit.md,2026-W19,2026-05-04
Vis-MLM-book,55badfea8a7dbd6717ca7203ad1dac27898c23b0,2026-05-05T22:01:06Z,Michael Friendly,friendly@yorku.ca,9,5,1,update chunk label scanning rules,2026-W19,2026-05-04
Vis-MLM-book,1eac3f1297db90ec03e1625214bd93ee9f24bafd,2026-05-06T16:44:06Z,Michael Friendly,friendly@yorku.ca,53,127,8,"edits to ch 02,03,04",2026-W19,2026-05-04
Vis-MLM-book,c5e68edb1448f68bc5d6706a2229b9a2fe581f90,2026-05-06T17:09:15Z,gklorfine,gklorfine@rogers.com,8444,8194,244,Merge branch 'master' into GK-work,2026-W19,2026-05-04
Vis-MLM-book,69d618c214f1c7307f35073656b275e663142da5,2026-05-06T21:01:57Z,gklorfine,gklorfine@rogers.com,88,2,2,Code fold audit completed up to and including Chapter 11 section 11.5,2026-W19,2026-05-04
Vis-MLM-book,44708056b470d60a161e1683bcd3758c5abb434b,2026-05-07T18:47:35Z,Michael Friendly,friendly@yorku.ca,7556,7997,225,edits to Ch04,2026-W19,2026-05-04
Vis-MLM-book,dd56b9ac34357e42c1fbc725902b12ae0d6eed79,2026-05-07T19:22:32Z,Michael Friendly,friendly@yorku.ca,170,3910,194,edits to Ch04...,2026-W19,2026-05-04
Vis-MLM-book,8e1a0e6ef8c6a3c14c51cf2c8701db4067b481c0,2026-05-07T20:01:40Z,gklorfine,gklorfine@rogers.com,145,2,2,Complete audit up to and including Chapter 12,2026-W19,2026-05-04
Vis-MLM-book,0cd860e6c134df2126825e7d4a2ced5f8ef7da13,2026-05-07T20:02:09Z,gklorfine,gklorfine@rogers.com,3818,7999,223,Merge branch 'master' into GK-work,2026-W19,2026-05-04
Vis-MLM-book,2af9b57eca877ddea39b3fc59625262a28bd5253,2026-05-08T15:26:53Z,Michael Friendly,friendly@yorku.ca,140,45,13,Turn sectioned examples into Example-- Ch11; scan summaries for consi…,2026-W19,2026-05-04
Vis-MLM-book,4bc9ea8a29f91e0d80d5c84424b1ad51e9680de5,2026-05-08T16:54:37Z,gklorfine,gklorfine@rogers.com,34,0,1,Add `example-headings.Rmd` to `/issues`,2026-W19,2026-05-04
Vis-MLM-book,b9307f1ac9f9c934f32048c54f1669a82c2bd9ca,2026-05-08T18:20:26Z,gklorfine,gklorfine@rogers.com,140,45,13,Merge branch 'master' into GK-work,2026-W19,2026-05-04
Vis-MLM-book,5ac7a41af36596cb3beb425be026489182675647,2026-05-08T21:07:10Z,Michael Friendly,friendly@yorku.ca,3422,3490,549,edits to 11-mlm-review examples; preface-crossref issue,2026-W19,2026-05-04
Vis-MLM-book,07a47318e194aabadac0c2504802ebf1db87ed58,2026-05-08T21:55:59Z,gklorfine,gklorfine@rogers.com,37,5,2,Complete audit up to and including Chapter 13,2026-W19,2026-05-04
Vis-MLM-book,197bf7b41dec34391a6cdcbb3c8c0ce7764e0e88,2026-05-08T21:57:23Z,gklorfine,gklorfine@rogers.com,3422,3490,549,Merge branch 'master' into GK-work,2026-W19,2026-05-04
Vis-MLM-book,360855164740df6dd2046553908f2fa3a2f480e3,2026-05-09T02:07:43Z,Michael Friendly,friendly@yorku.ca,744,1404,16,Merge origin/master: resolve settings.local.json conflict,2026-W19,2026-05-04
Vis-MLM-book,9e980ed7bd18d717287b63b950f4cde5b898127f,2026-05-09T20:20:45Z,Michael Friendly,friendly@yorku.ca,36,13,2,edit 04 - data ellipses,2026-W19,2026-05-04
Vis-MLM-book,d242dfc6f0ee0dfd4ad254aa6d5f9cf26504dd9e,2026-05-09T20:21:12Z,Michael Friendly,friendly@yorku.ca,3562,3535,561,Merge branch 'master' of https://github.com/friendly/Vis-MLM-book,2026-W19,2026-05-04
Vis-MLM-book,e6846598f21c55262a6ea7b7f3fdc3e8fb10a740,2026-05-10T16:31:15Z,Michael Friendly,friendly@yorku.ca,3841,3584,545,edits to Ch04; replace bare func refs with r func(),2026-W19,2026-05-04
Vis-MLM-book,4f51e2e9a4995798e80e6c0803be16b8549e2164,2026-05-10T21:26:54Z,Michael Friendly,friendly@yorku.ca,8,6,1,edits to Ch04,2026-W19,2026-05-04
Vis-MLM-book,b16c6c540a437526d27f8695f33e114955b905ed,2026-05-12T00:21:38Z,Michael Friendly,friendly@yorku.ca,14242,53905,649,Merge origin/master: resolve settings.local.json and docs/ conflicts,2026-W20,2026-05-11
Vis-MLM-book,ade0a52ed37aed2cc2115afd33b2fb264c0e9100,2026-05-12T00:24:52Z,Michael Friendly,friendly@yorku.ca,3862,3580,544,Merge remote-tracking branch 'origin/master' into master,2026-W20,2026-05-11
Vis-MLM-book,c0feb6c69dca9360e3b705e694bfc8e937fefcba,2026-05-12T14:03:54Z,Michael Friendly,friendly@yorku.ca,12,36,6,fix merge,2026-W20,2026-05-11
Vis-MLM-book,025c4e7ff52e6974aa414dd9ee187002f911462b,2026-05-12T16:54:42Z,Michael Friendly,friendly@yorku.ca,3655,52580,523,re-build using build.sh,2026-W20,2026-05-11
Vis-MLM-book,300f73556910783cdf90c724eb087f3dceeef379,2026-05-12T17:07:37Z,Michael Friendly,friendly@yorku.ca,69,59,2,prose edits to Simpson's paradox section (ch04) and 3D scatter child doc,2026-W20,2026-05-11
Vis-MLM-book,3323e493e7bee41ecdb6add768eafd747c19b0fe,2026-05-12T17:07:55Z,Michael Friendly,friendly@yorku.ca,3800,52616,527,Merge branch 'master' of https://github.com/friendly/Vis-MLM-book,2026-W20,2026-05-11
Vis-MLM-book,e6b8ea5eaf060984833262f0724a0ccfbe199177,2026-05-14T02:42:17Z,Michael Friendly,friendly@yorku.ca,29,0,3,add memory Quarto skils,2026-W20,2026-05-11
Vis-MLM-book,b7a6449c7f51f8d58a48ed2df92a697eca5b9905,2026-05-14T17:10:57Z,gklorfine,gklorfine@rogers.com,1492,49987,710,Merge branch 'master' into GK-work,2026-W20,2026-05-11
Vis-MLM-book,d104b4f78af7fa13f15b3bffcc6b396713e0d417,2026-05-14T19:09:19Z,gklorfine,gklorfine@rogers.com,4,0,1,Add Ch14 heading issue to `issues/example-headings.Rmd`,2026-W20,2026-05-11
Vis-MLM-book,f88768cb09a98aedea8efebed31e91ffd0e52a58,2026-05-14T19:24:39Z,gklorfine,gklorfine@rogers.com,53,2,2,Complete audit up to and including Ch14,2026-W20,2026-05-11
Vis-MLM-book,2ead1356f9905a80e348332df28461984cb73ed9,2026-05-14T20:05:50Z,Michael Friendly,friendly@yorku.ca,124,21,3,edits to 04-multivariate_plots; task: online-only stuff,2026-W20,2026-05-11
Vis-MLM-book,5328662e117aad88535875fbab97960121060dc7,2026-05-14T20:05:57Z,Michael Friendly,friendly@yorku.ca,29,0,3,Merge branch 'master' of https://github.com/friendly/Vis-MLM-book,2026-W20,2026-05-11
Vis-MLM-book,97ad680ab8f3828c8c0e3abee8580088b992bd70,2026-05-14T20:25:05Z,Michael Friendly,friendly@yorku.ca,51792,3125,513,re-build both,2026-W20,2026-05-11
Vis-MLM-book,61e97f0671d06391c56321d8a028a5b773516928,2026-05-14T21:43:18Z,gklorfine,gklorfine@rogers.com,78,5,2,Complete code audit for Discriminant Analysis chapter,2026-W20,2026-05-11
Vis-MLM-book,546778ef8a27e69cae3933467bf99ca6893878f6,2026-05-14T21:45:14Z,gklorfine,gklorfine@rogers.com,51916,3146,516,Merge branch 'master' into GK-work,2026-W20,2026-05-11
Vis-MLM-book,77e54ae78fb58f6a8beb3b69c58c042a6aa87d3f,2026-05-14T22:08:07Z,gklorfine,gklorfine@rogers.com,12,2,2,Complete code audit,2026-W20,2026-05-11
Vis-MLM-book,b86dcf95b3a804afc9d84ea5c9a0c69f317536bc,2026-05-15T14:57:51Z,Michael Friendly,friendly@yorku.ca,3075,230,390,build HTML w/ appendices; fix @exm-NLSY-mmra cross-refs,2026-W20,2026-05-11
Vis-MLM-book,0a7234fb1307faf7ccc548ad21008d5e97401284,2026-05-15T15:57:36Z,Michael Friendly,friendly@yorku.ca,23,13,1,edit acknowledgements in index.qmd,2026-W20,2026-05-11
Vis-MLM-book,384d28f97b078f375dba5f56393967f1b0a69243,2026-05-15T19:36:55Z,Michael Friendly,friendly@yorku.ca,73,35,11,implement GK code fold audit,2026-W20,2026-05-11
Vis-MLM-book,abb97cb7c6a159a78b5bb9ac3f6a92b419d800dd,2026-05-15T20:11:23Z,Michael Friendly,friendly@yorku.ca,4455,2964,217,run code audit changes; re-build both,2026-W20,2026-05-11
Vis-MLM-book,9d56b5654a7b2b4c319e768da0f5e8dd42b2c733,2026-05-15T21:07:36Z,Michael Friendly,friendly@yorku.ca,67,1,2,test/toc-parse.R,2026-W20,2026-05-11
Vis-MLM-book,ffe70e627236e7bd7c460f9ff70ed0355c90e5ff,2026-05-16T16:55:15Z,Michael Friendly,friendly@yorku.ca,176,15,3,edits to Ch04; issues/page-count,2026-W20,2026-05-11
Vis-MLM-book,9523d1f248b186f1dd413f2b5fadaf8bd48f2dde,2026-05-16T22:51:26Z,Michael Friendly,friendly@yorku.ca,9,9,1,Ch 04 tours,2026-W20,2026-05-11
Vis-MLM-book,123c215ea95e0b4fabf78b693fa8a5fb8ff451bf,2026-05-17T16:28:07Z,gklorfine,gklorfine@rogers.com,7703,3092,604,Merge branch 'master' into GK-work,2026-W20,2026-05-11
Vis-MLM-book,067ec576d92f3ad395e74b00b6b6b0fef0b3d7c0,2026-05-17T19:17:12Z,Michael Friendly,friendly@yorku.ca,60,18,55,work on 04-grand-tour.qmd & peng-tour.R,2026-W20,2026-05-11
Vis-MLM-book,c9c41e44279fbf0ebc1d228010aaf95a5fbcb488,2026-05-18T22:49:50Z,Michael Friendly,friendly@yorku.ca,4423,4221,578,04-network,2026-W21,2026-05-18
Vis-MLM-book,478b1ce785f806977e6cce276c0746092b4b22ea,2026-05-21T02:48:15Z,Michael Friendly,friendly@yorku.ca,18,7,1,pvPlot.R,2026-W21,2026-05-18
Vis-MLM-book,dd59ad4d86a11ee7aca93f44496e4e4a5d5efce8,2026-05-21T19:00:36Z,gklorfine,gklorfine@rogers.com,4498,4243,632,Merge branch 'master' into GK-work,2026-W21,2026-05-18
Vis-MLM-book,b2553146205e99bbc1c798ac4f962caeda00cf34,2026-05-21T19:24:57Z,gklorfine,gklorfine@rogers.com,28,2,1,Add comments to `reviewer-GavinK-comments.Rmd`,2026-W21,2026-05-18
Vis-MLM-book,7ba0d8eeabcb462703d03e96594e0407699fba5e,2026-05-21T20:00:42Z,gklorfine,gklorfine@rogers.com,64,0,1,Add `Ch06-issues.md` to `issues/`,2026-W21,2026-05-18
Vis-MLM-book,f80a8a030e8f0bd984cc19cb35b9a844bade206e,2026-05-21T20:19:28Z,Michael Friendly,friendly@yorku.ca,736,43,4,work on pvPlot for 04-network.qmd,2026-W21,2026-05-18
Vis-MLM-book,d6200fa5a3be8aa180f14575e629eb4464d0d5eb,2026-05-21T23:20:34Z,gklorfine,gklorfine@rogers.com,736,43,4,Merge branch 'master' into GK-work,2026-W21,2026-05-18
Vis-MLM-book,f984e9fcd7d6f35c943ee9a1ac3452a45259a3f1,2026-05-22T13:26:52Z,Michael Friendly,friendly@yorku.ca,877,0,5,Merge pull request #49 from friendly/GK-work,2026-W21,2026-05-18
Vis-MLM-book,c179fd161af7bd639a6d48d5e55811ccc284c561,2026-05-22T14:11:15Z,Michael Friendly,friendly@yorku.ca,164,0,2,Add chunk metadata script and dataset,2026-W21,2026-05-18
Vis-MLM-book,51cff0a28619faddd4b83518582e0b0d61ea9c23,2026-05-22T15:23:51Z,Michael Friendly,friendly@yorku.ca,63,20,3,Use chunks.RData to update GK code audit with present fold status,2026-W21,2026-05-18
Vis-MLM-book,893cd9e3000918cfdbbbcad5eb171c2d96874ce7,2026-05-22T18:41:00Z,Michael Friendly,friendly@yorku.ca,54,5,2,annotate reviewer-GavinK-comments.Rmd,2026-W21,2026-05-18
Vis-MLM-book,928ca796abd8b7153e8df542398580c7309e1cc7,2026-05-22T19:01:34Z,gklorfine,gklorfine@rogers.com,23,14,3,Implement small fixes to Ch04 and 05 from `reviews/reviewer-GavinK-co…,2026-W21,2026-05-18
Vis-MLM-book,1972c521d9689a39cda802364d7adef748ed3f76,2026-05-22T19:32:45Z,Michael Friendly,friendly@yorku.ca,35441,10859,718,re-build both,2026-W21,2026-05-18
Vis-MLM-book,c07fa19051271377a8e27d6c90408a382f3e3190,2026-05-22T19:33:54Z,gklorfine,gklorfine@rogers.com,372,0,1,Add error audit `issues/task-errors.md`,2026-W21,2026-05-18
Vis-MLM-book,2e2c73c660bc34bbc529eb536e2f0b4599412b61,2026-05-22T19:50:16Z,gklorfine,gklorfine@rogers.com,21,98,2,Remove some incorrectly flagged 'errors' from `issues/task-errors.md`,2026-W21,2026-05-18
Vis-MLM-book,0b1cab27361df501c198d889cffada77e9688554,2026-05-22T20:10:13Z,gklorfine,gklorfine@rogers.com,2,0,1,Some Ch06 fixes,2026-W21,2026-05-18
Vis-MLM-book,581b66416528385f13997023b7c57d1ecc444cf1,2026-05-22T20:10:37Z,gklorfine,gklorfine@rogers.com,35495,10864,720,Merge branch 'master' into GK-work2,2026-W21,2026-05-18
Vis-MLM-book,cbaf0ced6948867c06b87d462757c828c59aa494,2026-05-22T20:37:47Z,gklorfine,gklorfine@rogers.com,26,14,8,Implement MF marked changes from `reviews/reviewer-GavinK-comments.Rmd`,2026-W21,2026-05-18
Vis-MLM-book,f10568bcc0e7f3515036b507f6e26a8f210bf6e5,2026-05-22T20:38:06Z,gklorfine,gklorfine@rogers.com,6,4,1,Re-generate `Rcode.qmd`,2026-W21,2026-05-18
Vis-MLM-book,f2fb4c5de90fa3e52cf2811576f7ad5c4b8bb035,2026-05-22T21:04:06Z,gklorfine,gklorfine@rogers.com,127,18,1,Add additional pass through Ch05 to `issues/task-errors.md`,2026-W21,2026-05-18
Vis-MLM-book,b987c1f6f43e53b271a8db1d87927d60d68cc321,2026-05-23T01:44:07Z,Michael Friendly,friendly@yorku.ca,5265,1816,524,re-build HTML,2026-W21,2026-05-18
Vis-MLM-book,9da9281420184e55b33b90f13eff29b4cd9cffc6,2026-05-23T02:27:01Z,Michael Friendly,friendly@yorku.ca,27,9,2,update Rcode.qmd via make-rcode-appendix.R,2026-W21,2026-05-18
Vis-MLM-book,3dadbb598eb93cf2bd82e65048cec012d3b069de,2026-05-23T02:31:14Z,Michael Friendly,friendly@yorku.ca,5,5,2,update Rcode.qmd via make-rcode-appendix.R,2026-W21,2026-05-18
Vis-MLM-book,044bbfa82f9a9029c1f03e0cb3220e7719df38b0,2026-05-23T02:47:00Z,Michael Friendly,friendly@yorku.ca,29,9,5,more fixes for Rcode.qmd,2026-W21,2026-05-18
Vis-MLM-book,b84f1f4c0e885d2bda27a8a0d0f5528a3bc38aae,2026-05-23T16:44:59Z,Michael Friendly,friendly@yorku.ca,2,0,1,pvPlot,2026-W21,2026-05-18
Vis-MLM-book,24282b7f4fa608f0404d6c8e0cf46e6a62e527f4,2026-05-23T16:45:07Z,Michael Friendly,friendly@yorku.ca,35093,5891,231,Merge branch 'master' of https://github.com/friendly/Vis-MLM-book,2026-W21,2026-05-18
Vis-MLM-book,71c5a48570c5babdc9a5cdffdb0041e4450574ce,2026-05-23T17:33:01Z,Michael Friendly,friendly@yorku.ca,51,22,5,resolve Ch06-issues. Add others arg to pvPlot,2026-W21,2026-05-18
Vis-MLM-book,1908f1d9240589f4f115c0e36a7f94032b3ecc6e,2026-05-23T19:42:33Z,Michael Friendly,friendly@yorku.ca,69,2,2,pvPlot: add factor-variable tests and document findings,2026-W21,2026-05-18
Vis-MLM-book,759af6fb23d904c4a06bf90bfc26cf68e4e35cbf,2026-05-23T20:40:44Z,gklorfine,gklorfine@rogers.com,5376,1856,533,Merge branch 'master' into GK-work2,2026-W21,2026-05-18
Vis-MLM-book,c7c4408b182ba12ff86c408516bd08653a96a264,2026-05-23T20:47:38Z,Michael Friendly,friendly@yorku.ca,5915,33941,220,"Fixed chaptermark problem in PDF, re-build",2026-W21,2026-05-18
Vis-MLM-book,f63c2b112f4a7c1cdf009b759287d7d83cbd75c5,2026-05-24T16:47:50Z,Michael Friendly,friendly@yorku.ca,156,6,5,work on wide-code issue,2026-W21,2026-05-18
Vis-MLM-book,5c2d95c3d217e8f8bfe28ecf8d2ac46237609adc,2026-05-24T20:40:17Z,Michael Friendly,friendly@yorku.ca,154,29,5,"fix some GK issues, create task for June submission",2026-W21,2026-05-18
Vis-MLM-book,c9cd139e83e674ba976fbca412fb94142601a855,2026-05-24T21:36:05Z,Michael Friendly,friendly@yorku.ca,33180,11746,224,try re-build; try to fix latex breaklines error via fvextra pkg,2026-W21,2026-05-18
Vis-MLM-book,79ed2834cf37720185c42f32ac8920778b9e05d3,2026-05-24T21:45:47Z,gklorfine,gklorfine@rogers.com,6289,33971,227,Merge branch 'master' into GK-work2,2026-W21,2026-05-18
Vis-MLM-book,62c30fb8a6bd940d4ff02952656f641055b86cb0,2026-05-24T21:47:36Z,gklorfine,gklorfine@rogers.com,33180,11746,224,Merge branch 'master' into GK-work2,2026-W21,2026-05-18
Vis-MLM-book,8d4aa4ea0f4643be8e7fec5f3bab2da0ff617e31,2026-05-24T22:48:19Z,gklorfine,gklorfine@rogers.com,35,19,4,Fix issues in Chapters 10 and 11,2026-W21,2026-05-18
Vis-MLM-book,36095137a80ca936ad2e6b0f3e248ee73754f06d,2026-05-24T22:49:00Z,gklorfine,gklorfine@rogers.com,34,0,1,Chapter 10 F and t italicization scan/pass,2026-W21,2026-05-18
Vis-MLM-book,6d78291c9cb7ce0e2807857000b8934bb9e47b6d,2026-05-25T12:56:38Z,Michael Friendly,friendly@yorku.ca,525,42,15,Merge pull request #50 from friendly/GK-work2,2026-W22,2026-05-25
Vis-MLM-book,175d0317eeb89ac8a73eb19c82d8747df35f62d1,2026-05-25T13:30:17Z,Michael Friendly,friendly@yorku.ca,9,34,4,work on TODOs,2026-W22,2026-05-25
Vis-MLM-book,6365125a395c05b3d51910da48ec73db6c011ef4,2026-05-25T14:10:12Z,Michael Friendly,friendly@yorku.ca,24,23,10,fix sentence case of headings,2026-W22,2026-05-25
Vis-MLM-book,7d948f33c5faf9c9a0636577ba773dad2c9f1589,2026-05-25T14:30:55Z,Michael Friendly,friendly@yorku.ca,3,1,3,resolve spida2 problem,2026-W22,2026-05-25
Vis-MLM-book,29035fe0c1f31fb8eb246230678b166803b926d8,2026-05-25T18:00:20Z,gklorfine,gklorfine@rogers.com,369,369,1,Fix name (GK) in `index.qmd`,2026-W22,2026-05-25
Vis-MLM-book,51ca5ec363de9f9c91a40337a43bf62bf30b1220,2026-05-25T18:01:26Z,gklorfine,gklorfine@rogers.com,115,56,7,Finish GK-assigned fixes from `issues/task-june-submit.md`,2026-W22,2026-05-25
Vis-MLM-book,ac2c3979ad0a3bdc83733581e0018fcabc739066,2026-05-25T18:07:28Z,gklorfine,gklorfine@rogers.com,433,0,1,Add missing `func()` book-wide scan to `issues/missing-func-scan.md`,2026-W22,2026-05-25
Vis-MLM-book,f530c882477870fc131f765e902b0d42129dc83a,2026-05-25T20:03:18Z,Michael Friendly,friendly@yorku.ca,917,425,9,Merge pull request #51 from friendly/GK-chapter-fixes,2026-W22,2026-05-25
Vis-MLM-book,7d2c53538205c5c7aa6764f7d51576306b937310,2026-05-25T20:19:14Z,Michael Friendly,friendly@yorku.ca,30,21541,234,Rcode.qmd -> 30-Rcode; fixed problem wrt spida2 in Ch07,2026-W22,2026-05-25
Vis-MLM-book,a9e49ee236f5362f7270be95fa5d9a31db7c1ccb,2026-05-25T20:35:15Z,Michael Friendly,friendly@yorku.ca,43,4,6,exercises moved to online-only,2026-W22,2026-05-25
Vis-MLM-book,b95d787995b6ccc9065cbfc4a597ed16653d8704,2026-05-25T21:16:04Z,Michael Friendly,friendly@yorku.ca,23,2,1,add Submission notes to task-june-submit.md,2026-W22,2026-05-25
Vis-MLM-book,8726206fadddd5cc81f3123b4cea36103397050f,2026-05-25T22:20:21Z,gklorfine,gklorfine@rogers.com,40,0,1,Begin `reviews/reviewer-GavinK-RemainingTasks.Rmd`,2026-W22,2026-05-25
Vis-MLM-book,b6b8fd4426b3df9e768890f4bbd59055b74b116f,2026-05-26T02:36:37Z,Michael Friendly,friendly@yorku.ca,42194,38213,390,re-build both,2026-W22,2026-05-25
Vis-MLM-book,23b8177979f9819e88dee745777972973fd69557,2026-05-26T15:28:46Z,Michael Friendly,friendly@yorku.ca,208,192,25,Resolve inconsistencies in naming of ChXX-summary.qmd files,2026-W22,2026-05-25
Vis-MLM-book,b2fdf76d37faeb879463d42315adfdf7605b22d0,2026-05-26T17:09:52Z,gklorfine,gklorfine@rogers.com,42194,38213,390,Merge branch 'master' into GK-work3,2026-W22,2026-05-25
Vis-MLM-book,30d10f8322957a076d7103a58473869e4997ac45,2026-05-26T18:29:03Z,Michael Friendly,friendly@yorku.ca,3740,3619,213,re-build both,2026-W22,2026-05-25
Vis-MLM-book,23930cc0fd5b786e0f0c0c2387d1b34a13f3fd49,2026-05-26T20:33:12Z,Michael Friendly,friendly@yorku.ca,13764,41646,548,"work on the PDF-only build, via quarto render & ./build.sh",2026-W22,2026-05-25
Vis-MLM-book,02f185acc35329fa8eae2dbe645c9d03fd275639,2026-05-26T20:40:31Z,Michael Friendly,friendly@yorku.ca,341,451,6,fix authorindex problem in build.sh,2026-W22,2026-05-25
Vis-MLM-book,c8ea633b43357bcf2ab31cc48cfb0fd72c573c5c,2026-05-26T21:44:57Z,Michael Friendly,friendly@yorku.ca,8792,8107,195,build print-only PDF via ./build.sh with authordindex updated,2026-W22,2026-05-25
Vis-MLM-book,48b2f918a0b93a199bf825116882d026050e8b37,2026-05-26T23:54:01Z,Michael Friendly,friendly@yorku.ca,24,0,2,memory notes on build problems,2026-W22,2026-05-25
Vis-MLM-book,d8cb1fc62bba0c7b105c23bde368e71eb9e15b96,2026-05-27T02:49:38Z,gklorfine,gklorfine@rogers.com,26119,53265,586,Merge branch 'master' into GK-work3,2026-W22,2026-05-25
Vis-MLM-book,59b49273eab5b2e4de57753413a22830cef43c90,2026-05-27T15:25:00Z,Michael Friendly,friendly@yorku.ca,33967,13328,318,fix problems in 91-colophon.qmd [Thx: GK],2026-W22,2026-05-25
Vis-MLM-book,4e9e115aee1766abfb608bde83567db2ac832975,2026-05-27T15:34:58Z,Michael Friendly,friendly@yorku.ca,24,0,2,Merge branch 'master' of https://github.com/friendly/Vis-MLM-book,2026-W22,2026-05-25
Vis-MLM-book,1081753447abc1bf991f559448f1aa0e153a7978,2026-05-27T16:53:14Z,gklorfine,gklorfine@rogers.com,33967,13328,318,Merge branch 'master' into GK-work3,2026-W22,2026-05-25
Vis-MLM-book,5a4584671b4f615991d112c58aed185a57a81d18,2026-05-27T17:12:48Z,Michael Friendly,friendly@yorku.ca,22,5,2,"Ch 05: add biplot scaling callout (α=0, ½, 1) with citations; mark TO…",2026-W22,2026-05-25
Vis-MLM-book,20653181491bf567f8115267afffcc5bd0b08892,2026-05-27T17:19:39Z,Michael Friendly,friendly@yorku.ca,43,6,4,preview docs/05-pcs-biplot.html,2026-W22,2026-05-25
Vis-MLM-book,fe108e3eea80bc3962a229bb282787d96ff89d8f,2026-05-27T18:01:51Z,gklorfine,gklorfine@rogers.com,65,11,6,Merge branch 'master' into GK-work3,2026-W22,2026-05-25
Vis-MLM-book,61fa43205cf3917c59470a1d0449c51ae7d63b50,2026-05-27T18:38:19Z,gklorfine,gklorfine@rogers.com,1,1,1,Fix footnote typo in Ch10,2026-W22,2026-05-25
Vis-MLM-book,cec3ce8903640129c3ab370cc503ac9b4252acb1,2026-05-27T19:39:04Z,gklorfine,gklorfine@rogers.com,151,0,1,List all remaining reviewer-specified tasks in `reviews/reviewer-Gavi…,2026-W22,2026-05-25
Vis-MLM-book,1c577e22672d23ffecf37cba3f71738afe066d4c,2026-05-27T20:33:59Z,Michael Friendly,friendly@yorku.ca,109,50,4,fix TODO re Ch07 duncan-avplots,2026-W22,2026-05-25
Vis-MLM-book,a97e99519fb2ce97820829a7da8ae2814f67d9e3,2026-05-27T22:02:21Z,gklorfine,gklorfine@rogers.com,109,50,4,Merge branch 'master' into GK-work3,2026-W22,2026-05-25
Vis-MLM-book,310866cbecdb7b9f12c2be84f1cef7479643d02a,2026-05-28T02:40:23Z,gklorfine,gklorfine@rogers.com,0,5,1,Mark `reviews/reviewer-GavinK-RemainingTasks.Rmd` as complete,2026-W22,2026-05-25
Vis-MLM-book,186a4016f324aee8d40f648e6cf44e33dff007b6,2026-05-28T14:38:41Z,Michael Friendly,friendly@yorku.ca,187,1,2,Merge pull request #52 from friendly/GK-work3,2026-W22,2026-05-25
Vis-MLM-book,5fb88b30e59704a0db515448af1730993a446751,2026-05-28T14:40:36Z,Michael Friendly,friendly@yorku.ca,54,53,3,fix some TODOs,2026-W22,2026-05-25
Vis-MLM-book,8ccd2d75e2c39c89f5bf8d24c905e3b228ad5b18,2026-05-28T14:40:59Z,Michael Friendly,friendly@yorku.ca,187,1,2,Merge branch 'master' of https://github.com/friendly/Vis-MLM-book,2026-W22,2026-05-25
Vis-MLM-book,4603416f69b4af46bb29442661d394559e8fe996,2026-05-28T14:48:03Z,Michael Friendly,friendly@yorku.ca,2,1,7,rename GK & MT reviewer files,2026-W22,2026-05-25
Vis-MLM-book,7405d5276f16138c18e35439697ce60354f19e42,2026-05-28T14:52:36Z,Michael Friendly,friendly@yorku.ca,21,16,9,replace inline Ch09 summary with bullet points,2026-W22,2026-05-25
Vis-MLM-book,c026bc7481e77a7e9cf471ebf1398a4b5acee373,2026-05-28T18:05:07Z,Michael Friendly,friendly@yorku.ca,117,14,7,work toward resolving issues with chapter summaries,2026-W22,2026-05-25
Vis-MLM-book,07cdb59254e003e779a245c216bc8fd038c20e8c,2026-05-28T18:54:15Z,Michael Friendly,friendly@yorku.ca,19,16,3,"edit chapter summaries for 04,06,08",2026-W22,2026-05-25
Vis-MLM-book,dfcfd72a55275fbbb7e338505e2c229fb6f6949b,2026-05-28T20:16:32Z,Michael Friendly,friendly@yorku.ca,40,26,1,revise summary/Ch09,2026-W22,2026-05-25
Vis-MLM-book,e91731ca7c3892873a0e852e25a9bff2eb0f290b,2026-05-28T20:26:27Z,Michael Friendly,friendly@yorku.ca,40,2,3,add draft of Ch14-summary,2026-W22,2026-05-25
Vis-MLM-book,6014324a6e7cdfa36d22a15ecccb1ef6ea8e80e6,2026-05-29T11:41:47Z,Michael Friendly,friendly@yorku.ca,2053,49143,517,build.sh -full,2026-W22,2026-05-25
Vis-MLM-book,a93479a1dbd0da7550c678a4871294cefcf030f2,2026-05-29T13:50:28Z,Michael Friendly,friendly@yorku.ca,9203,33888,346,blog-stats,2026-W22,2026-05-25
Vis-MLM-book,645296fd18760d053b4dd4deee3911d73cb59722,2026-05-29T13:56:54Z,Michael Friendly,friendly@yorku.ca,18903,62181,518,fix merge,2026-W22,2026-05-25
Vis-MLM-book,87d5bbad8b2938a4d4ae0cc4b6df47ebee28282a,2026-05-29T14:49:46Z,Michael Friendly,friendly@yorku.ca,45646,4408,509,build.sh --html,2026-W22,2026-05-25
Vis-MLM-book,a7238d3160a9a7764a1a6eb771186c172585719d,2026-05-29T15:27:36Z,Michael Friendly,friendly@yorku.ca,20,10,51,Move HTML output to docs/ (restore GitHub Pages),2026-W22,2026-05-25
Vis-MLM-book,565c49d293281fd044c01068225709ec81e3ab13,2026-05-29T15:40:22Z,Michael Friendly,friendly@yorku.ca,6,1,1,Restore appendices to _quarto.yml; drop --profile online requirement,2026-W22,2026-05-25
Vis-MLM-book,e5c76a2b7464a83209e937a867bc3048c6c2355b,2026-05-29T15:56:38Z,Michael Friendly,friendly@yorku.ca,8024,964,321,Build -> HTML,2026-W22,2026-05-25
Vis-MLM-book,4a727c732147243848c3fe208b705809de941ceb,2026-05-29T16:08:28Z,Michael Friendly,friendly@yorku.ca,67,6,4,add QDA plot to 21-discrim,2026-W22,2026-05-25
Vis-MLM-book,7d36d943f50d69e028b6597575c326fbd8fc3710,2026-05-29T17:34:28Z,Michael Friendly,friendly@yorku.ca,79,43,11,edits to create more up-to-date Rcode.qmd. Added tags to 11-mlm-revie…,2026-W22,2026-05-25
Vis-MLM-book,f02f97d7a2c509ed3a152cf515ecda9a847eb8a5,2026-05-29T17:49:36Z,Michael Friendly,friendly@yorku.ca,14,9,5,clean up some stuff for Rcode.qmd appendix,2026-W22,2026-05-25
Vis-MLM-book,5b4237ea26eae2337715dbdfc958bbba1fd9db0b,2026-05-29T19:00:16Z,Michael Friendly,friendly@yorku.ca,81,187,15,add example of penguin quadratic regions to 21-discrim,2026-W22,2026-05-25
Vis-MLM-book,402f44e175869558ebddacfb4de4374046f22127,2026-05-29T19:15:32Z,Michael Friendly,friendly@yorku.ca,51,2,5,add Ch15-summary,2026-W22,2026-05-25
Vis-MLM-book,76ef75eb9ae575b3ee454935632f524b6eed7b07,2026-05-29T19:41:28Z,Michael Friendly,friendly@yorku.ca,7,0,10,clean-up issues/ moving DONE ones to solved/,2026-W22,2026-05-25
Vis-MLM-book,6b35c9c15bbe50f6e9e482364a37c9c628b57b1d,2026-05-29T20:07:20Z,Michael Friendly,friendly@yorku.ca,2,2,1,tweak Ch15-summary,2026-W22,2026-05-25
Vis-MLM-book,d007e6e30d93f3d9f83e6a3605a27f18b2124138,2026-05-29T20:27:16Z,Michael Friendly,friendly@yorku.ca,143,0,3,dual-build-plan.md,2026-W22,2026-05-25
Vis-MLM-book,93e72b509127f40224c9db933148b9f08ce72959,2026-05-30T19:00:14Z,Michael Friendly,friendly@yorku.ca,68,8,5,work on 21-discrim,2026-W22,2026-05-25
Vis-MLM-book,dd4e6ccd2b26ece3bc7697853147a3cdf49dfacf,2026-05-31T16:02:14Z,Michael Friendly,friendly@yorku.ca,2755,580,576,fix TOC problem of duplicate entries; re-build PDF; add LOO CV accura…,2026-W22,2026-05-25
Vis-MLM-book,df9c587bc1b63ba8f315c5096e45ee3d78bebf50,2026-05-31T16:57:57Z,Michael Friendly,friendly@yorku.ca,76,37,5,complete editing of 21-discrim.qmd,2026-W22,2026-05-25
Vis-MLM-book,8291a3b7d604c4f27ada05db57ede2d58a909bd5,2026-05-31T18:04:41Z,gklorfine,gklorfine@rogers.com,3,0,1,"Add `AGENTS.md` for Codex use, point it to `CLAUDE.md`",2026-W22,2026-05-25
Vis-MLM-book,01f0d5b4083ba1e66c64a1282b9c97f0050cf1e3,2026-05-31T18:05:20Z,gklorfine,gklorfine@rogers.com,169,0,1,Analyse dual build with Codex,2026-W22,2026-05-25
Vis-MLM-book,4128f7ab4872121b19b985118fa6a5ddaadf6d4c,2026-05-31T19:02:48Z,Michael Friendly,friendly@yorku.ca,27,17,10,edits to 21-discrim; update TODOs.md,2026-W22,2026-05-25
Vis-MLM-book,4dd9a6d6e5a0df7709288591f5fee698f3f4eec1,2026-05-31T20:06:13Z,gklorfine,gklorfine@rogers.com,7221,11463,617,Try dual-build with suggested changes,2026-W22,2026-05-25
Vis-MLM-book,ea7b64294d8389b5e8adabb1a34072dda9d98391,2026-05-31T21:15:23Z,gklorfine,gklorfine@rogers.com,11,4,1,Generalize paths in `make-authorindex.sh`,2026-W22,2026-05-25
Vis-MLM-book,1c534089e50a9144acc4bfec751919ed5f28baaa,2026-05-31T21:31:04Z,gklorfine,gklorfine@rogers.com,3021,463,195,"Fix TOC heading issue, rebuild both",2026-W22,2026-05-25
Vis-MLM-book,fc173ad294c11ad1ab02b240b24aab5d10ed2dd4,2026-06-01T13:56:48Z,Michael Friendly,friendly@yorku.ca,692,0,2,Add Claude-Codex merge analysis and Codex transcript,2026-W23,2026-06-01
Vis-MLM-book,8230a62f4de6364f4e4c4ba069fea59a607caf29,2026-06-01T13:57:26Z,Michael Friendly,friendly@yorku.ca,8318,9823,621,Merge remote-tracking branch 'origin/GK-work4',2026-W23,2026-06-01
Vis-MLM-book,1f7785ed7ab91647ae0ef2491f2fa430c1814740,2026-06-01T17:03:46Z,Michael Friendly,friendly@yorku.ca,7008,9205,617,Rebuild HTML/PDF with author index; fix Fig 1.5 caption and ch09/10/3…,2026-W23,2026-06-01
Vis-MLM-book,e2973b56bda8c7b27a0d0e9ec0ad9cc9800b7492,2026-06-01T17:33:04Z,Michael Friendly,friendly@yorku.ca,24,6,3,"edit 21-discrim, Ch09-summary",2026-W23,2026-06-01
Vis-MLM-book,3dd0b84815098e1acc55d37027166de112923b12,2026-06-01T17:34:33Z,Michael Friendly,friendly@yorku.ca,55,19,4,Mark dual-build plan resolved; verify HTML/PDF build status in task f…,2026-W23,2026-06-01
Vis-MLM-book,25123bc54b1534b0bd241a18bfbf6ef7f8678397,2026-06-01T17:35:55Z,Michael Friendly,friendly@yorku.ca,0,16,1,reflect moved task-summaries.md,2026-W23,2026-06-01
Vis-MLM-book,51c4857bf74d869fb4e020cbaa7d010659bd0ee7,2026-06-01T22:35:54Z,Michael Friendly,friendly@yorku.ca,6,6,1,edit Ch07-summary,2026-W23,2026-06-01
Vis-MLM-book,d07eb4ac82666bca94263e4d282680768c7177a0,2026-06-02T01:35:53Z,Michael L Friendly,friendly@yorku.ca,49,47,8,Rebuild HTML on new laptop (Quarto 1.9.36); update memory,2026-W23,2026-06-01
Vis-MLM-book,727bc3c4b7a0f8e84a02715bcb56e90fcfd6d648,2026-06-02T22:41:24Z,Michael Friendly,friendly@yorku.ca,88,61,10,work on TODOs,2026-W23,2026-06-01
Vis-MLM-book,7c7ef276e4a212af3c8bd9c02880d5e03e62956d,2026-06-03T16:07:39Z,Michael Friendly,friendly@yorku.ca,155,780,11,cleanup remaining TODOs; add exercise for Ch12; update task-june-submit,2026-W23,2026-06-01
Vis-MLM-book,ba7001b664f0877c7775d4bc6cad6c3e60e7fac5,2026-06-03T17:51:00Z,Michael Friendly,friendly@yorku.ca,2570,2442,221,"re-build PDF & HTML, fixing a few glitches",2026-W23,2026-06-01
Vis-MLM-book,3dbf204a3a0a09b33107ec8d247fe8d4734b3d75,2026-06-03T19:07:26Z,Michael Friendly,friendly@yorku.ca,231,4,2,tweaks to index.qmd; add exercise-ideas,2026-W23,2026-06-01
Vis-MLM-book,a7519cd2dae5dd21bebb5cc4ed7799f562abe462,2026-06-03T21:09:07Z,Michael Friendly,friendly@yorku.ca,174,170,189,tweak prelude and re-build both,2026-W23,2026-06-01
Vis-MLM-book,913f4c7cdfebbc97a6f75dd761e2e17622d8553b,2026-06-04T02:31:25Z,Michael Friendly,friendly@yorku.ca,882,19,13,Gavin's June 3 issues,2026-W23,2026-06-01
Vis-MLM-book,0fb06d9cc8ad86cda8d207e6208120019d56cbfc,2026-06-05T15:09:14Z,Michael Friendly,friendly@yorku.ca,8267,6795,578,re-build both; add notes for Gavin summer work,2026-W23,2026-06-01
Vis-MLM-book,f637206a35e733aff1c03c62474b82eacc920bf4,2026-06-06T15:03:53Z,Michael Friendly,friendly@yorku.ca,4,2,3,"Fix spida2 in colophon, page count, typo in Ch04-network",2026-W23,2026-06-01
Vis-MLM-book,844bbd925503a8390d9faf70f57c21c9df67f453,2026-06-06T15:04:50Z,Michael Friendly,friendly@yorku.ca,8267,6795,578,Merge branch 'master' of https://github.com/friendly/Vis-MLM-book,2026-W23,2026-06-01
Vis-MLM-book,3881f987309ee59cf904f0a2bf1231404ea14250,2026-06-06T15:32:44Z,Michael Friendly,friendly@yorku.ca,15,0,2,add ref to UnwinKlein on iris,2026-W23,2026-06-01
Vis-MLM-book,482eba058afd768259089a80d2ef953fd42c0a47,2026-06-07T02:39:30Z,Michael Friendly,friendly@yorku.ca,106,0,1,Add notes on multivariate outcomes/decision rules blog post,2026-W23,2026-06-01
Vis-MLM-book,ac1582c6b44a5e6759bfe81473ee2e0071bc4cd2,2026-06-07T02:41:13Z,Michael Friendly,friendly@yorku.ca,3,1,1,Add WebFetch permissions for xynthiakavelaars.github.io and r-project…,2026-W23,2026-06-01
Vis-MLM-book,1ef578210b1fb0099471ef2d3df7937ff1e41a19,2026-06-10T17:05:54Z,Michael Friendly,friendly@yorku.ca,209,4,4,Add part accent color theme to PDF (preamble.tex),2026-W24,2026-06-08
Vis-MLM-book,990ec1a22f95cac23453e4ff74ac30cb2b1acb2d,2026-06-10T17:14:07Z,Michael Friendly,friendly@yorku.ca,319,2,4,adjust green to more forest green,2026-W24,2026-06-08
Vis-MLM-book,a6f980ba823d9ec69df9cf777e14d1513788fda7,2026-06-10T19:15:06Z,Michael Friendly,friendly@yorku.ca,423,369,7,Extend color theme to chapter titles and running headers,2026-W24,2026-06-08
Vis-MLM-book,e1b9dcb9afe3e3947a258e9918e3101df6981283,2026-06-11T15:08:27Z,gklorfine,gklorfine@rogers.com,1,1,1,Remove stray tick mark (`) from child/04-grand-tour.qmd,2026-W24,2026-06-08
Vis-MLM-book,4ed4b1eafc0df1428681537165dd33d2bd66996c,2026-06-12T02:57:35Z,gklorfine,gklorfine@rogers.com,6,0,2,Start listing my exercise ideas in `exercise-ideas.md`,2026-W24,2026-06-08
Vis-MLM-book,0ef1da45eac987c5ef22c59d2181bddb2f5aead1,2026-06-12T02:58:23Z,gklorfine,gklorfine@rogers.com,30,0,1,"Create a second comments file, `reviews/GavinK-pass2.Rmd`",2026-W24,2026-06-08
Vis-MLM-book,d3fdecba47d149a66ca8465af77d6deca7a1726b,2026-06-15T14:35:43Z,gklorfine,gklorfine@rogers.com,20,0,1,Add `issues/GK-June11-Issues.md`,2026-W25,2026-06-15
Vis-MLM-book,5753334d21f35f753edbf7c95cbc26eb37fe329c,2026-06-20T17:16:29Z,Michael Friendly,friendly@yorku.ca,0,0,4,Add production-prep notes and files,2026-W25,2026-06-15
Vis-MLM-book,2465f13fcb1382ad81ab43d2c7033d9e7aa32521,2026-06-20T17:17:53Z,Michael Friendly,friendly@yorku.ca,21,1,2,Merge branch 'color-theme' of https://github.com/friendly/Vis-MLM-boo…,2026-W25,2026-06-15
Vis-MLM-book,03367139dc2a0bfd74d3d5ff6296167f8f0fce25,2026-06-21T13:19:31Z,gklorfine,gklorfine@rogers.com,20,0,5,Merge branch 'color-theme' into GK-work5,2026-W25,2026-06-15
Vis-MLM-book,08cb6ffd8001468cb45c329c6208a2399a746bda,2026-06-21T14:38:11Z,gklorfine,gklorfine@rogers.com,10,0,3,Add to R code appendix for Ch03,2026-W25,2026-06-15
Vis-MLM-book,f652cd8045b98b7f12437fb8488562a99468697f,2026-06-21T14:38:22Z,gklorfine,gklorfine@rogers.com,1,0,1,Add Ch03 exercise idea,2026-W25,2026-06-15
Vis-MLM-book,fa97aa1319a0545fd3ad7a142eac9e0bd4395991,2026-06-21T16:28:25Z,gklorfine,gklorfine@rogers.com,21,2,2,Fix typos in `04-multivariate_plots.qmd`,2026-W25,2026-06-15
Vis-MLM-book,1a2bf6d0312d4bfdafed63eee8f218d1c48f356c,2026-06-23T16:53:16Z,Michael Friendly,friendly@yorku.ca,970,374,18,Merge pull request #55 from friendly/color-theme,2026-W26,2026-06-22
Vis-MLM-book,c2949685520647d8ed7cf2937b293977ff576be4,2026-06-23T19:27:38Z,Michael Friendly,friendly@yorku.ca,526,457,565,build.sh --all,2026-W26,2026-06-22
Vis-MLM-book,61f9798e0cb44ead2bc25baee9717d8676e13299,2026-06-24T08:50:53Z,Michael Friendly,friendly@yorku.ca,15,7,2,fix End matter color and use darker orange Part IV,2026-W26,2026-06-22
Vis-MLM-book,8423ea557af6d005e59052f55ca58e952df02f33,2026-06-24T09:32:00Z,Michael Friendly,friendly@yorku.ca,227,91,5,Fix part color boundary timing and even-page numbering,2026-W26,2026-06-22
Vis-MLM-book,0acc6ccf85df3c9681dc77b141f4d6d5466b6f32,2026-06-24T09:40:51Z,Michael Friendly,friendly@yorku.ca,5,5,2,Convert bold-face sub-headings in Ch11 to unnumbered ####,2026-W26,2026-06-22
Vis-MLM-book,a3b0611306a84860d36c6c91cc377594b1efebaf,2026-06-24T10:03:59Z,Michael Friendly,friendly@yorku.ca,17,13,6,Convert bold-face sub-headings to unnumbered #### across all chapters,2026-W26,2026-06-22
Vis-MLM-book,ac9baee4e555c76be2fb578e0dba3d3da51cedc5,2026-06-24T19:22:25Z,Michael Friendly,friendly@yorku.ca,6790,5226,215,Add authorindex letter-heading notes; rebuild docs after GK fixes,2026-W26,2026-06-22
Vis-MLM-book,e36d6f800b780d458c483c81060a29fce3318f8d,2026-06-27T21:17:38Z,Michael Friendly,friendly@yorku.ca,61,2103,199,re-build using R 4.6.1,2026-W26,2026-06-22
Vis-MLM-book,9c474b96c8d4427639db70d7e5584de54a4e4720,2026-06-28T20:24:07Z,Michael Friendly,friendly@yorku.ca,2845,3401,216,add letter headings to Author index!,2026-W26,2026-06-22
Vis-MLM-book,27fa014b983bca12c273c223c9a02deeff51d5fe,2026-06-29T17:55:51Z,Michael Friendly,friendly@yorku.ca,152,1,2,add issues/subject-index.md,2026-W27,2026-06-29
Vis-MLM-book,d98cb6faa22ef3f166858ef95938593fc23f7bf0,2026-06-30T13:57:26Z,gklorfine,gklorfine@rogers.com,6929,7595,613,Merge branch 'master' into GK-work5,2026-W27,2026-06-29
Vis-MLM-book,9b0ccd361b890c30c9778402811d927fb0b30751,2026-06-30T17:57:56Z,gklorfine,gklorfine@rogers.com,2,0,1,Add `fig.code` comment in Ch08 for `R/inverse.R`,2026-W27,2026-06-29
Vis-MLM-book,80dcbae4a556f89fab96a9c7958e20245240da10,2026-06-30T18:00:11Z,gklorfine,gklorfine@rogers.com,94,1,2,Add figure permission scan up to and including Ch08,2026-W27,2026-06-29
Vis-MLM-book,a603ec5b5332ec26cd533bc16ba517f8c590573d,2026-06-30T18:28:27Z,gklorfine,gklorfine@rogers.com,1,1,1,Fix typo in `fig-collin-centering` caption (Ch09),2026-W27,2026-06-29
Vis-MLM-book,96af35f8c0767ea4af09d70194fccb7a9672477c,2026-06-30T19:57:16Z,Michael Friendly,friendly@yorku.ca,965,11,7,"Add subject index entries to Ch 10, Ch 12, Ch 13",2026-W27,2026-06-29
Vis-MLM-book,0f5995f477c08a2b1ccadbcc5632b440d04c1bfb,2026-06-30T20:13:44Z,gklorfine,gklorfine@rogers.com,62,1,2,Finish `issues/fig-permission-list.md`,2026-W27,2026-06-29
Vis-MLM-book,3d339afa2c3a6e68a86167dc9c87341332474d5e,2026-06-30T20:14:54Z,gklorfine,gklorfine@rogers.com,965,11,7,Merge branch 'master' into GK-work5,2026-W27,2026-06-29
Vis-MLM-book,0522a42c18ef1f1248fd693cd544f8a6e8b6cf9e,2026-07-01T08:29:44Z,Michael Friendly,friendly@yorku.ca,225,3,9,Merge pull request #56 from friendly/GK-work5,2026-W27,2026-06-29
Vis-MLM-book,98227de08bc3c43e765d40b6c08e7e2d831aa8df,2026-07-01T08:53:21Z,Michael Friendly,friendly@yorku.ca,69,8,2,Add subject index entries to Ch 14 (Multivariate Influence & Robust E…,2026-W27,2026-06-29
Vis-MLM-book,61f8e7ff7a8ae43252071d52e1e815a18bc21720,2026-07-01T08:58:24Z,Michael Friendly,friendly@yorku.ca,48,3,2,Add subject index entries to Ch 08 (Topics in Linear Models),2026-W27,2026-06-29
Vis-MLM-book,a6fec3b663a9fabef4ccf627b6b2f04f0614190a,2026-07-01T09:09:54Z,Michael Friendly,friendly@yorku.ca,905,3,3,Inline child/04-grand-tour.qmd and child/04-network.qmd into Ch 04; a…,2026-W27,2026-06-29
Vis-MLM-book,557d14e15b7e2c43171c87a87a5880c353207604,2026-07-01T09:26:40Z,Michael Friendly,friendly@yorku.ca,0,4,2,Fix makeindex conflicts: remove \ixmain inside \ixon ranges,2026-W27,2026-06-29
Vis-MLM-book,ab128fb1e291ea15fbe82e0356a4009fddead923,2026-07-01T09:52:02Z,Michael Friendly,friendly@yorku.ca,94,0,1,"Rewrite idx_terms.R: produce CSV with term, page, formatted columns",2026-W27,2026-06-29
Vis-MLM-book,cb086d72c1d212783c45bd12f2d9ae4f88ce91f3,2026-07-01T10:08:15Z,Michael Friendly,friendly@yorku.ca,5,12,1,idx_terms.R: replace commandArgs with if(!exists()) for console sourcing,2026-W27,2026-06-29
Vis-MLM-book,62fa09869a10e22f11745d09496fccf4bf3d0a12,2026-07-01T10:15:59Z,gklorfine,gklorfine@rogers.com,1,1,1,Fix `candisc` logo in `README.md`,2026-W27,2026-06-29
Vis-MLM-book,2add3e51185ae26e404bcbd13afb53be34fe6d5d,2026-07-01T10:18:21Z,Michael Friendly,friendly@yorku.ca,4,3,1,idx_terms.R: match Roman-numeral page numbers for front matter,2026-W27,2026-06-29
Vis-MLM-book,c302c32897366ed5f7a55fd15f6ddc339a389795,2026-07-01T10:56:18Z,Michael Friendly,friendly@yorku.ca,2299,668,212,Rebuild with R 4.6.1 + fixed makeindex conflicts; update all artifacts,2026-W27,2026-06-29
Vis-MLM-book,98aa9a9aef3dde322ff25f9647e786e45cf3676a,2026-07-01T17:29:57Z,gklorfine,gklorfine@rogers.com,3408,685,220,Merge branch 'master' into GK-work6,2026-W27,2026-06-29
Vis-MLM-book,216b42d43c65cf8470efd5a85a1f96898bfd0328,2026-07-01T18:03:15Z,gklorfine,gklorfine@rogers.com,41,1,2,Add `issues/GK-index-issues.md`,2026-W27,2026-06-29
Vis-MLM-book,c65a8ab0da26e1befa2ca229afd5a20d0bc14373,2026-07-01T21:05:07Z,Michael Friendly,friendly@yorku.ca,3694,3531,208,"work on duplicate index entries; more working now, but still peng and…",2026-W27,2026-06-29
Vis-MLM-book,33429abacec04705fd651c76d20337b72d55b63b,2026-07-03T03:23:48Z,gklorfine,gklorfine@rogers.com,7054,5958,658,"Create (experimental) diagrams for part pages, chapter beginnings; re…",2026-W27,2026-06-29
Vis-MLM-book,b128300ad6cfb3a7d944c15fae305d719a2346d7,2026-07-03T14:34:34Z,gklorfine,gklorfine@rogers.com,2,0,1,Add note to `reviews/GavinK-pass2.Rmd`,2026-W27,2026-06-29
Vis-MLM-book,2331cf08a52f62a436207591b9050e6780c77310,2026-07-03T14:54:22Z,gklorfine,gklorfine@rogers.com,2,2,3,Fix typo in 13.9 bubble,2026-W27,2026-06-29
Vis-MLM-book,256c854bbbf1d1761f18b2c8d429631179786ed1,2026-07-03T21:08:40Z,Michael Friendly,friendly@yorku.ca,10002,8631,205,./build.sh --all --fix-index for dup entries,2026-W27,2026-06-29
Vis-MLM-book,f58eb6bd801799fa029c64765cb5d9503b292a41,2026-07-04T00:19:01Z,gklorfine,gklorfine@rogers.com,8400,6866,214,Merge branch 'master' into GK-work6,2026-W27,2026-06-29
Vis-MLM-book,6e082b49195630ad73513b8ab9281f7f350e1be1,2026-07-04T00:25:18Z,gklorfine,gklorfine@rogers.com,8523,7063,213,Merge branch 'master' into part-pages-test,2026-W27,2026-06-29
Vis-MLM-book,d3041457970742ca3b84dcd1082c1d7a5072f9b7,2026-07-04T00:45:30Z,gklorfine,gklorfine@rogers.com,6598,7843,202,Rebuild all formats after merging master; fix build.sh for macOS,2026-W27,2026-06-29
Vis-MLM-book,464a3386993dc818af6df6e85c8905a1dc3506bf,2026-07-04T00:50:31Z,gklorfine,gklorfine@rogers.com,77,0,1,Document Claude's changes in issues/index-part-pages-merge.md,2026-W27,2026-06-29
Vis-MLM-book,b377a1b67926be264ad018d5339f06844db94ecd,2026-07-04T08:08:24Z,Michael Friendly,friendly@yorku.ca,2,2,2,"Fix singular index terms: influence plot → plots, linear hypothesis →…",2026-W27,2026-06-29
Vis-MLM-book,bd67e343dacd69cc702bdde4d2814657a62fee67,2026-07-04T08:09:00Z,Michael Friendly,friendly@yorku.ca,1,0,1,Mark singular index term fixes as resolved in dup-index.txt,2026-W27,2026-06-29
Vis-MLM-book,f500eb49c814f2b119a92e98b1fe72a1999e9099,2026-07-04T11:19:10Z,gklorfine,gklorfine@rogers.com,3,2,3,Merge branch 'master' into GK-work6,2026-W27,2026-06-29
Vis-MLM-book,eb4ba9d558a0fd8ab5b3903215e28f67c824be53,2026-07-04T11:19:35Z,gklorfine,gklorfine@rogers.com,3,2,3,Merge branch 'master' into part-pages-test,2026-W27,2026-06-29
Vis-MLM-book,a7ffb9938115d1e31467abf963ea0847aee8bbc5,2026-07-04T16:53:18Z,Michael Friendly,friendly@yorku.ca,44,2,3,Merge pull request #57 from friendly/GK-work6,2026-W27,2026-06-29
Vis-MLM-book,895c50985d3ef39f5944d4257e8817919c408b8c,2026-07-04T16:53:54Z,Michael Friendly,friendly@yorku.ca,8677,8823,661,Merge pull request #58 from friendly/part-pages-test,2026-W27,2026-06-29
Vis-MLM-book,8646021e4e9aefab99c0dfb2d5213c67b98c7efc,2026-07-05T13:20:24Z,gklorfine,gklorfine@rogers.com,9,0,2,Store proper chapter order in `memory/`,2026-W27,2026-06-29
Vis-MLM-book,f411b0634e66e55ab7a6ef83b5b4004acf1ccac4,2026-07-05T13:22:03Z,gklorfine,gklorfine@rogers.com,97,0,1,Create `issues/abstract-plan.md`,2026-W27,2026-06-29
Vis-MLM-book,3f0c10628385ca509923b19ec4aee7be34aed2ab,2026-07-06T11:06:46Z,Michael Friendly,friendly@yorku.ca,1729,325,11,Add index distribution analysis: chapter assignment + plots,2026-W28,2026-07-06
Vis-MLM-book,ca0bdb0300db562ca8832d72fd1800e4d01e75fe,2026-07-06T13:26:03Z,gklorfine,gklorfine@rogers.com,1729,325,11,Merge branch 'master' into GK-work7,2026-W28,2026-07-06
Vis-MLM-book,9982faac5c1a369d27c33ee4111573363764795c,2026-07-06T14:30:23Z,gklorfine,gklorfine@rogers.com,22,0,2,Add plot to `issues/index-plots.R`,2026-W28,2026-07-06
Vis-MLM-book,a9de9bc13fc9a307070fa1db96f30a59e8973e89,2026-07-06T14:38:42Z,gklorfine,gklorfine@rogers.com,2,1,1,Add summary exclusion rule to `issues/abstract-plan.md`,2026-W28,2026-07-06
Vis-MLM-book,58a6462daa807c59a300af52d7d0c9e24148b14a,2026-07-06T14:48:04Z,gklorfine,gklorfine@rogers.com,124,0,3,Create first three chapter abstracts,2026-W28,2026-07-06
Vis-MLM-book,3c2b1a7ced76a95417065fb55e6ec9cdeca83145,2026-07-06T21:24:20Z,gklorfine,gklorfine@rogers.com,25,0,2,Add rug plot to `issues/index-plots.R`,2026-W28,2026-07-06
Vis-MLM-book,434544dcc5da1bbeb5dcc61ff6232f277e09f781,2026-07-07T08:48:06Z,Michael Friendly,friendly@yorku.ca,20,20,6,Restructure index entries: canonical! and quartet! subentries,2026-W28,2026-07-06
Vis-MLM-book,7b09367f63b2e668e961de166acc1f07e61a373b,2026-07-07T13:40:25Z,gklorfine,gklorfine@rogers.com,0,0,1,Save a converted `.pdf` of `production/Back-cover copy.docx`,2026-W28,2026-07-06
Vis-MLM-book,991720f8e29768f386ea76f27a5a26c59d2d2844,2026-07-07T13:58:25Z,gklorfine,gklorfine@rogers.com,30,0,1,Add `issues/back-cover-draft.md`,2026-W28,2026-07-06
Vis-MLM-book,61afe8a2ad87405a56ed7a06aa71d7471358f9ce,2026-07-07T14:14:45Z,gklorfine,gklorfine@rogers.com,20,20,6,Merge branch 'master' into GK-work7,2026-W28,2026-07-06
Vis-MLM-book,3df29f61164a9d81b844e26385576123cee88f44,2026-07-07T14:35:51Z,gklorfine,gklorfine@rogers.com,35,0,1,Add `issues/keyword-phrases.md`,2026-W28,2026-07-06
Vis-MLM-book,c20f08d23cb1bbadd134b213ed7b4cd75c7f7269,2026-07-07T17:45:08Z,gklorfine,gklorfine@rogers.com,427,0,4,Finish chapter abstracts for metadata,2026-W28,2026-07-06
Vis-MLM-book,ba58bd4cdbe4030300e9ea0322540f8f5f4adee2,2026-07-07T17:49:35Z,gklorfine,gklorfine@rogers.com,0,0,1,Generate `.docx` for chapter abstracts,2026-W28,2026-07-06
Vis-MLM-book,001e0feeb06af82753abd8820d5c9e4bae12a623,2026-07-08T14:12:32Z,gklorfine,gklorfine@rogers.com,0,0,1,Add `production/Permissions_guide.pdf` retrieved from publisher website,2026-W28,2026-07-06
Vis-MLM-book,cedd12739c80e288c1afbd2871fbe58fe0dc51de,2026-07-08T14:13:09Z,gklorfine,gklorfine@rogers.com,112,36,1,Update `issues/fig-permission-list.md`,2026-W28,2026-07-06
Vis-MLM-book,d75daf242cb49e84e45aaa04d62f8cba29c522e0,2026-07-09T17:58:43Z,gklorfine,gklorfine@rogers.com,131,0,1,Add `issues/paren-citations-plan.md`,2026-W28,2026-07-06
Vis-MLM-book,f8ecfab9ffbaad532cdfafa391ace4fff537f4d5,2026-07-09T17:59:10Z,gklorfine,gklorfine@rogers.com,82,0,1,Execute stage one of `issues/paren-citations-plan.md`,2026-W28,2026-07-06
Vis-MLM-book,4b1b51d17a374edb7cab6ab986c37527e8fbbfde,2026-07-09T19:20:56Z,Michael Friendly,friendly@yorku.ca,8000,6628,619,Full PDF+HTML rebuild with part-page figures and index fix,2026-W28,2026-07-06
Vis-MLM-book,051a872d99d1c9d496bc671cea85986496c3d4bb,2026-07-10T08:50:09Z,Michael Friendly,friendly@yorku.ca,495,128,6,Plan and audit RGB->CMYK conversion of static images for CRC submission,2026-W28,2026-07-06
Vis-MLM-book,3d2b30307e61bddf2f43453f59e7807d7bfcae85,2026-07-10T12:12:53Z,gklorfine,gklorfine@rogers.com,15,15,1,"Mark `""A""` as `""OK""` in `issues/paren-citations.md`",2026-W28,2026-07-06
Vis-MLM-book,ddd72866bd8844a9a6bd548496432a86c2ca9f68,2026-07-10T12:24:41Z,gklorfine,gklorfine@rogers.com,8490,6776,625,Merge branch 'master' into GK-work7,2026-W28,2026-07-06
Vis-MLM-book,e784dc7fe0ca584fcbbf1ab648e8e85f652836b5,2026-07-10T13:08:41Z,gklorfine,gklorfine@rogers.com,173,0,1,Add `issues/CMYK-checklist.md`,2026-W28,2026-07-06
Vis-MLM-book,80d4f8659c58ab5e7ea48d74167913dda8209e8c,2026-07-10T13:43:18Z,gklorfine,gklorfine@rogers.com,0,0,2,Raise DPI of `images/icons/books.jpg`,2026-W28,2026-07-06
Vis-MLM-book,88b6bbb950d5092b2dade574442d67467efa1e0a,2026-07-10T14:07:56Z,gklorfine,gklorfine@rogers.com,54,23,5,Raise DPI of `images/fig-book-parts.png`,2026-W28,2026-07-06
Vis-MLM-book,06f35e674d8a500868c6a45c84be1741d10e510b,2026-07-10T14:48:43Z,gklorfine,gklorfine@rogers.com,93,4,6,Add and integrate 1D-4D TikZ redrawing,2026-W28,2026-07-06
Vis-MLM-book,05a1ad6e0bfef34ff19e4a8d7ba81be08276f2d8,2026-07-10T15:33:52Z,gklorfine,gklorfine@rogers.com,1,1,3,Raise DPI of `images/history/discoveries.jpg`,2026-W28,2026-07-06
Vis-MLM-book,3fd70c288bc02c80576ad0787cdc553287282af2,2026-07-10T15:43:43Z,gklorfine,gklorfine@rogers.com,1,1,3,Raise DPI of `images/coffee-data-beta-both.png`,2026-W28,2026-07-06
Vis-MLM-book,03c3ebbc81369368a642631696d5b2932f4fc764,2026-07-10T15:55:52Z,gklorfine,gklorfine@rogers.com,1,1,3,Raise DPI of `images/tours/peng-tour-demo-all.png`,2026-W28,2026-07-06
Vis-MLM-book,d64e28e36d239e4e030998e9bf510cc36200832d,2026-07-10T16:06:10Z,gklorfine,gklorfine@rogers.com,1,1,3,Raise DPI of `images/collin-demo.png`,2026-W28,2026-07-06
Vis-MLM-book,6c80fd3975f4bcfdc82972f13c3dc7ef48aeed3a,2026-07-10T16:16:28Z,gklorfine,gklorfine@rogers.com,1,1,3,Raise DPI of `images/diabetes-3d-both.png`,2026-W28,2026-07-06
Vis-MLM-book,930631256ef2abebc58e7406cf0f88d88095559a,2026-07-10T16:21:02Z,gklorfine,gklorfine@rogers.com,4,4,1,Minor fix to checklist,2026-W28,2026-07-06
Vis-MLM-book,cbcb6986809418423b6a77d0a5038308c63a5b7a,2026-07-10T16:26:50Z,gklorfine,gklorfine@rogers.com,1,1,3,Raise DPI of `images/discrim-demo-both.jpg`,2026-W28,2026-07-06
Vis-MLM-book,e91390dac402a125571950e93046a76dde5f5c32,2026-07-10T16:40:44Z,gklorfine,gklorfine@rogers.com,2,2,4,Raise DPI of `images/lin-comb3.png`,2026-W28,2026-07-06
Vis-MLM-book,39af588ecb3d3719c8645bc67c9fd9a86ea4c741,2026-07-10T18:05:10Z,gklorfine,gklorfine@rogers.com,2,2,2,Raise DPI of `images/flatland-spheres.jpg`,2026-W28,2026-07-06
Vis-MLM-book,fa21ad4bea4558587cb5a94d8658ff54cd118eaa,2026-07-10T18:30:39Z,gklorfine,gklorfine@rogers.com,11,11,1,Fill out `issues/paren-citations.md`,2026-W28,2026-07-06
Vis-MLM-book,81ff02e38a377501f25053a47f6521c5672a5654,2026-07-10T18:56:14Z,Michael Friendly,friendly@yorku.ca,77,0,1,Draft status notes and PDF copyediting guidance for CRC production team,2026-W28,2026-07-06
Vis-MLM-book,22ee9cb967b9f10fd395afa45221d8a1a73b0cb2,2026-07-10T19:23:12Z,gklorfine,gklorfine@rogers.com,2,2,2,Raise DPI of `images/ReavenMiller-3d-annotated.png`,2026-W28,2026-07-06
Vis-MLM-book,68f54cefdb545c38e424f771300485be425ab4e2,2026-07-10T20:27:15Z,gklorfine,gklorfine@rogers.com,77,0,1,Merge branch 'master' into GK-work7,2026-W28,2026-07-06
Vis-MLM-book,0225cfa139d158dbb3f4c605bcc7d9034e0be880,2026-07-11T02:06:15Z,gklorfine,gklorfine@rogers.com,2,2,3,Raise DPI of `images/lin-comb-pca.png`,2026-W28,2026-07-06
Vis-MLM-book,e7aede5fcbf769537fbd4ba56cb408ceb27f221f,2026-07-11T02:13:14Z,gklorfine,gklorfine@rogers.com,2,2,3,Raise DPI of `images/lin-comb4.png`,2026-W28,2026-07-06
Vis-MLM-book,e51a585ada24f7580bba3c1953a7c4687f0c86d9,2026-07-11T02:19:03Z,gklorfine,gklorfine@rogers.com,2,2,3,Raise DPI of `images/lin-comb-mra.png`,2026-W28,2026-07-06
Vis-MLM-book,8e7b6264e0c98a6f538df9fe5b478177139ca781,2026-07-11T02:26:56Z,gklorfine,gklorfine@rogers.com,2,2,3,Raise DPI of `images/techniques-table.png`,2026-W28,2026-07-06
Vis-MLM-book,bdf1bb96b5f4447364ce66c91acfe27c3f45bf59,2026-07-11T03:17:42Z,gklorfine,gklorfine@rogers.com,82,27,11,Raise DPI of `images/Cover-GBE.png`; rename to `images/Cover-GEB.png`…,2026-W28,2026-07-06
Vis-MLM-book,df708f2f5b0ee303cbdf550a5592557f59741667,2026-07-11T07:29:02Z,Michael Friendly,friendly@yorku.ca,1463,81,63,Merge pull request #59 from friendly/GK-work7,2026-W28,2026-07-06
Vis-MLM-book,fe6b8da82644518596d10535eb39e5f27ce310cc,2026-07-11T12:45:44Z,gklorfine,gklorfine@rogers.com,60,50,14,Execute stage 2 of `issues/paren-citations-plan.md`,2026-W28,2026-07-06
Vis-MLM-book,047ba95d86303d8938a7116d2409735021056e51,2026-07-11T13:12:22Z,gklorfine,gklorfine@rogers.com,6857,8111,628,Build both,2026-W28,2026-07-06
Vis-MLM-book,6a99e7e07cab9b71ea21af7dd41fdbd6998015ed,2026-07-11T13:24:38Z,gklorfine,gklorfine@rogers.com,9,7,3,"Fix citation prefixes (example: `""e.g.,"")",2026-W28,2026-07-06
Vis-MLM-book,3e6fa41e780eaf732a556a97fb73e6ec60e7d1b9,2026-07-11T13:25:08Z,gklorfine,gklorfine@rogers.com,42,0,3,Add citation lessons to `memory/`,2026-W28,2026-07-06
Vis-MLM-book,a76f09d0755ab5ae1561edac6364a2a8771498d3,2026-07-11T13:36:43Z,gklorfine,gklorfine@rogers.com,75,75,193,Rebuild both,2026-W28,2026-07-06
Vis-MLM-book,e55fd310682cd2ad26b03e48e360f62ab390507c,2026-07-11T20:35:16Z,Michael Friendly,friendly@yorku.ca,6963,8163,642,Merge pull request #60 from friendly/citation-fixes,2026-W28,2026-07-06
Vis-MLM-book,90f9c908f060489cda325a9c4ea18a86710ef838,2026-07-11T21:23:06Z,Michael Friendly,friendly@yorku.ca,12,2,1,Tweak wording in copyeditor status notes,2026-W28,2026-07-06
Vis-MLM-book,574ba27699c4e227f7a143169e3062824eb9584c,2026-07-11T21:23:06Z,Michael Friendly,friendly@yorku.ca,14,5,2,Fix stale chapter table in CLAUDE.md; ask copyeditor about URL/footno…,2026-W28,2026-07-06
Vis-MLM-book,653f3fd6229ebd2c4aba2000a4bf7ef4ea7a73e9,2026-07-12T08:48:34Z,Michael Friendly,friendly@yorku.ca,7804,6543,612,Rebuild PDF+HTML incorporating PR #60 citation fixes,2026-W28,2026-07-06
Vis-MLM-book,1509c21196cd18261367686c366a80a943a12338,2026-07-16T17:17:15Z,Michael Friendly,friendly@yorku.ca,3,1,1,Ack Claude in index.qmd,2026-W29,2026-07-13
Vis-MLM-book,62fcaa4bc709c47883ec105ca11d5188cc2a9426,2026-07-17T18:56:17Z,Michael Friendly,friendly@yorku.ca,7219,8317,568,Rebuild PDF+HTML with regenerated author index,2026-W29,2026-07-13
Vis-MLM-book,75d0449ef64281c40cda5f681e5b48354059520b,2026-07-17T18:56:30Z,Michael Friendly,friendly@yorku.ca,28,15,2,Verify page counts against final PDF; correct hyperlink/footnote desc…,2026-W29,2026-07-13
Vis-MLM-book,5e2152ee6d6bbfe76354f43d39e8f685731624c0,2026-07-17T19:20:48Z,Michael Friendly,friendly@yorku.ca,0,2,2,Remove draft line from copyeditor notes; regenerate docx,2026-W29,2026-07-13
Vis-MLM-book,207e1e8b372b963f45e18f9629e0873fce4f8ea1,2026-07-17T21:06:26Z,Michael Friendly,friendly@yorku.ca,185,0,1,Add blog topic ideas for Making of Vis-MLM series,2026-W29,2026-07-13
Vis-MLM-book,3a3db21508b6992639f90fcb9dd6e70c1846b23a,2026-07-19T02:50:21Z,Michael Friendly,friendly@yorku.ca,150,0,1,Add research notes on Navarro-style chapter epigraph block quotes,2026-W29,2026-07-13
Vis-MLM-book,5b0726da4ac1b1391cff65df348a349eb0d01a43,2026-07-21T02:21:57Z,Michael Friendly,friendly@yorku.ca,46,1,2,add issues/gggda-bagplot note,2026-W30,2026-07-20
candisc,1fe30dc38c5356d859b041ade436bbeb34280e04,2025-10-31T20:27:53Z,Michael Friendly,friendly@yorku.ca,442,217,26,use markdown in Rd; add predict_discrim; fix cereal doc errors,2025-W44,2025-10-27
candisc,25a69dd3c44a6cf65db21c91ea39187106ecf3a8,2025-10-31T20:51:51Z,Michael Friendly,friendly@yorku.ca,425,183,45,re-build pkgdown,2025-W44,2025-10-27
candisc,8af80e79dad6c2de028700132f9b9b7394e269d2,2025-11-01T19:55:31Z,Michael Friendly,friendly@yorku.ca,1110,3,13,add plot_discrim,2025-W44,2025-10-27
candisc,ed63f1b083a99e9496256cffbf7b185f2dd46e52,2025-11-01T20:02:38Z,Michael Friendly,friendly@yorku.ca,192,9,22,build site,2025-W44,2025-10-27
candisc,5f05b4e58396c8621ac0df34ad9491dad5f94b41,2025-11-02T01:10:11Z,Michael Friendly,friendly@yorku.ca,146,5,22,added reflect.R,2025-W44,2025-10-27
candisc,66ad0017e84150b8351fb954fe8c0c5accddae9f,2025-11-02T01:38:27Z,Michael Friendly,friendly@yorku.ca,2,0,2,update news,2025-W44,2025-10-27
candisc,31bffacc235759fb6f263bcd67a987994a4589c5,2025-11-02T04:19:53Z,Michael Friendly,friendly@yorku.ca,16,0,2,edit reflect docs,2025-W44,2025-10-27
candisc,6c007144f86336cf9b82d8cbab13f15e00132e87,2025-11-02T16:19:38Z,Michael Friendly,friendly@yorku.ca,27,4,4,add plots to PsyAcad,2025-W44,2025-10-27
candisc,eb53893724eb6bf1983c5dc3e89cb48843a1a456,2025-11-02T16:29:38Z,Michael Friendly,friendly@yorku.ca,360,359,28,roxygen2md(scope = 'simple'),2025-W44,2025-10-27
candisc,5cdea9f7ff7dd04f78566e7604d918e6eb569c15,2025-11-02T17:09:31Z,Michael Friendly,friendly@yorku.ca,456,442,17,more markdown conversion; move data docs to data.R,2025-W44,2025-10-27
candisc,003387c8765dad6fc6eb4c8d14ab174c31b86171,2025-11-02T17:50:23Z,Michael Friendly,friendly@yorku.ca,61,55,11,convert more links to markdown,2025-W44,2025-10-27
candisc,ce058432bcf1eaa23dcdb92c6f1bb1f60becd1fe,2025-11-02T19:44:34Z,Michael Friendly,friendly@yorku.ca,413,194,64,bump pkg version,2025-W44,2025-10-27
candisc,4c2821d5bbfe46f7732ca5211def303f86a24f62,2025-11-02T21:47:28Z,Michael Friendly,friendly@yorku.ca,17,13,6,fix some urls,2025-W44,2025-10-27
candisc,7c6d508b6b43f3916a912883120276f44b41e2c0,2025-11-03T15:50:49Z,Michael Friendly,friendly@yorku.ca,198,32,16,"add coef() methods for lda, qda",2025-W45,2025-11-03
candisc,632e15970d7b28e5fffb25f424fd65d97fc8343f,2025-11-03T16:43:09Z,Michael Friendly,friendly@yorku.ca,50,46,9,"withdraw coef.lda.R, as already in MASS",2025-W45,2025-11-03
candisc,be726f5a0b561d3f3cd6eae36e0732db0bc361b0,2025-11-03T17:57:33Z,Michael Friendly,friendly@yorku.ca,36,8,5,update examples for predict_discrim,2025-W45,2025-11-03
candisc,bb22ab2c3e46855b07d7713603b5c3bd11e08699,2025-11-04T16:51:19Z,Michael Friendly,friendly@yorku.ca,149,9,5,"added cor_lda, scores.lda",2025-W45,2025-11-03
candisc,844ebcc599dbb73855f80f8e26cdddc9a461a23e,2025-11-04T17:54:09Z,Michael Friendly,friendly@yorku.ca,307,104,25,build site,2025-W45,2025-11-03
candisc,a11c0b8cfe6975322edfa5a4f6468f399ffda6f9,2025-11-04T18:27:18Z,Michael Friendly,friendly@yorku.ca,24,12,17,fix build problems,2025-W45,2025-11-03
candisc,370a12ef7e771c5cefe1d94d29e857b99e7f3ad1,2025-11-04T20:19:49Z,Michael Friendly,friendly@yorku.ca,10869,36549,228,revdep_check(),2025-W45,2025-11-03
candisc,31fa72c039fb79c8f81a8de5724b450ef675b2a8,2025-11-04T21:37:17Z,Michael Friendly,friendly@yorku.ca,22,11,7,make plot_discrim experimental,2025-W45,2025-11-03
candisc,12d7ebccd0425561f508dce74749e4693438cedd,2025-11-04T22:04:38Z,Michael Friendly,friendly@yorku.ca,8,2,3,spellcheck; pre-release checks,2025-W45,2025-11-03
candisc,2a1d00260ceb09156622ad3306fdcf89c8569fbe,2025-11-05T20:02:04Z,Michael Friendly,friendly@yorku.ca,127,81,45,fix buglet in plot_discrim,2025-W45,2025-11-03
candisc,0d569ec4662ef3cc8a49bf18f8a9552b712185a2,2025-11-06T17:41:20Z,Michael Friendly,friendly@yorku.ca,97,40,6,document customization in plot_discrim(),2025-W45,2025-11-03
candisc,cb0cbcf33360304f6f64123bafc7695fda6e60bb,2025-11-11T17:29:16Z,Michael Friendly,friendly@yorku.ca,172,90,7,add ellipse arg to plot_discrim,2025-W46,2025-11-10
candisc,7a7b693fbbc7993fc767786c0979d0544032ab33,2025-11-11T20:27:41Z,Michael Friendly,friendly@yorku.ca,161,55,20,Flesh out package description in README,2025-W46,2025-11-10
candisc,512b05d19233761ff56731fe1cf9b971d7f69d1e,2025-11-13T22:08:58Z,Michael Friendly,friendly@yorku.ca,8,3,1,ellipse.args,2025-W46,2025-11-10
candisc,d354488a82e24b0033805f3b24efb0e40f74a21c,2025-11-14T02:36:38Z,Michael Friendly,friendly@yorku.ca,1211,0,5,extend plot_discrim,2025-W46,2025-11-10
candisc,76b26c6c122cd92eaa26f54316dc8b943169f1e1,2025-11-14T15:38:09Z,Michael Friendly,friendly@yorku.ca,248,441,9,added ellipse.args and labels to plot_discrim,2025-W46,2025-11-10
candisc,2a202d1758d5293d6d77e0a4add5ba57192e967f,2025-11-14T16:10:47Z,Michael Friendly,friendly@yorku.ca,23,23,3,comment out other.vars example,2025-W46,2025-11-10
candisc,baab874790f8a9e38f086efe7a5a83985642271c,2025-11-14T18:01:39Z,Michael Friendly,friendly@yorku.ca,700,16,6,make default posterior=FALSE in predict_discrim,2025-W46,2025-11-10
candisc,42ef0bb93986765b38c5324d10accb6f4163ef98,2025-11-15T00:44:55Z,Michael Friendly,friendly@yorku.ca,667,0,1,testthat-guide,2025-W46,2025-11-10
candisc,0651a810546a89a562898c6a34005c118220bcf6,2025-11-15T00:45:07Z,Michael Friendly,friendly@yorku.ca,297,473,12,Merge branch 'master' of github.com:friendly/candisc into master,2025-W46,2025-11-10
candisc,1cecddf7bfc7e486c2595649b553f88ac97c3fef,2025-11-16T16:47:43Z,Michael Friendly,friendly@yorku.ca,965,36,10,"add plotting LD1, LD2 in plot_discrim()",2025-W46,2025-11-10
candisc,68933d8cedb8fc10382a9cafa779e8f6128e491d,2025-11-16T18:16:32Z,Michael Friendly,friendly@yorku.ca,254,93,49,build pkgdown,2025-W46,2025-11-10
candisc,de7527c9b56a776cbd07776d518552a91d016d5f,2025-11-16T18:43:24Z,Michael Friendly,friendly@yorku.ca,33,9,6,update plot_discrim,2025-W46,2025-11-10
candisc,e418a888822b2fea9a4fb3e16e8228a5089975ec,2025-11-16T22:10:26Z,Michael Friendly,friendly@yorku.ca,970,45061,386,cut down plot_discrim examples,2025-W46,2025-11-10
candisc,dcfcef6585b8329249be5cec38d02c58e0ee69b7,2025-11-16T22:31:46Z,Michael Friendly,friendly@yorku.ca,52,6,7,added scores.lda,2025-W46,2025-11-10
candisc,ce7852f5f0cb9737f81bb546002ea9c9abf63744,2025-11-16T22:34:21Z,Michael Friendly,friendly@yorku.ca,171,41,38,bump ver.; add scores.lda,2025-W46,2025-11-10
candisc,d363d5337a4a06d81e8b321118b52fee3afcb342,2025-11-17T18:53:45Z,Michael Friendly,friendly@yorku.ca,65,18,4,work on reflect(),2025-W47,2025-11-17
candisc,cd0df7b891b49464374ef68f7722d1b35f916506,2025-11-18T16:11:40Z,Michael Friendly,friendly@yorku.ca,51,5,2,Fixed problems in reflect(),2025-W47,2025-11-17
candisc,c3d459d73bae3a8723820cf9ea3c7503eb85bc74,2025-11-18T20:13:45Z,Michael Friendly,friendly@yorku.ca,460,77,8,added examples to README,2025-W47,2025-11-17
candisc,12888be34ce4722540a176b2b180452d1950af78,2025-11-18T20:14:29Z,Michael Friendly,friendly@yorku.ca,0,0,1,added examples to README,2025-W47,2025-11-17
candisc,2902c98b89259c9e1e80c09722b7c40ff93123ed,2025-11-18T22:03:52Z,Michael Friendly,friendly@yorku.ca,147,3,8,add  to package checks,2025-W47,2025-11-17
candisc,194971dcf8513bdc68f4de93abdb462630109a41,2025-11-19T01:13:07Z,Michael Friendly,friendly@yorku.ca,3030,45211,439,Merge branch 'master' of github.com:friendly/candisc into master,2025-W47,2025-11-17
candisc,d2fd993535e7e41a11d2d752ba431133ea61c44d,2025-11-19T02:10:49Z,Michael Friendly,friendly@yorku.ca,54,3,2,edit demo/painters.R,2025-W47,2025-11-17
candisc,fec46b9928791ae6e06c77d0fc3e0b0b2bc60cb5,2025-11-19T03:02:45Z,Michael Friendly,friendly@yorku.ca,4464,4,27,painters vignette,2025-W47,2025-11-17
candisc,b7b7c48adeec714b368115d3dce4e94d787344e5,2025-11-19T03:03:43Z,Michael Friendly,friendly@yorku.ca,0,4201,24,painters vignette,2025-W47,2025-11-17
candisc,e529ef7080e0eb53ec58ed46dd8f7c61652472bd,2025-11-19T03:23:57Z,Michael Friendly,friendly@yorku.ca,8,0,1,painters vignette,2025-W47,2025-11-17
candisc,1a04c1aa5d72c547e33fe7913f1159c0589134be,2025-11-19T18:51:06Z,Michael Friendly,friendly@yorku.ca,4041,36,31,add painters vignette,2025-W47,2025-11-17
candisc,d4c539ab61573e0910eba76f5835b026b57d8996,2025-11-19T22:16:14Z,Michael Friendly,friendly@yorku.ca,48,17,6,work on painters vignette,2025-W47,2025-11-17
candisc,6683542768c6c75f680c0b018ad579a2b8d44a7c,2025-11-19T22:19:52Z,Michael Friendly,friendly@yorku.ca,2,3,1,work on painters vignette,2025-W47,2025-11-17
candisc,e2000f3c58e58e0f1d2fabeeffa675d7ef79ac09,2025-11-20T02:11:02Z,Michael Friendly,friendly@yorku.ca,7408,3528,111,"fix ::, rebuild site",2025-W47,2025-11-17
candisc,ff3891cc65bea5de540302370c4600bf0c88afc7,2025-11-20T03:08:20Z,Michael Friendly,friendly@yorku.ca,9,0,1,add color theme to painters.R,2025-W47,2025-11-17
candisc,40d17e8c6064eda73a4e1c7578407f31328ddaf8,2025-11-20T03:28:52Z,Michael Friendly,friendly@yorku.ca,1,0,1,.Rbuildigore .quarto,2025-W47,2025-11-17
candisc,ff4e18de8961198803ac5d9787cb3964d1916854,2025-11-20T19:18:34Z,Michael Friendly,friendly@yorku.ca,3638,9,29,work on painters vignette; add painters2 to data-raw,2025-W47,2025-11-17
candisc,71ad18cf5c313d2da1b070e6b0bac1cb335433e1,2025-11-20T19:48:25Z,Michael Friendly,friendly@yorku.ca,44,18,3,add extra/confusion.R,2025-W47,2025-11-17
candisc,2d185450c9ccd601ef8146f94492abb6490b2eae,2025-11-21T16:51:25Z,Michael Friendly,friendly@yorku.ca,148,22,8,Added painters2 dataset,2025-W47,2025-11-17
candisc,20ccbd7cf14d2df9965892db13b68adaa40fc6c8,2025-11-21T21:38:20Z,Michael Friendly,friendly@yorku.ca,84,3305,32,work on painters vignette,2025-W47,2025-11-17
candisc,811b95a1669ae32b7b200ab0c4dd0db5954f140f,2025-11-21T22:13:52Z,Michael Friendly,friendly@yorku.ca,1021,271,53,build site,2025-W47,2025-11-17
candisc,36052dd3da62c76a264440c85fef96f04efb2001,2025-11-21T22:25:31Z,Michael Friendly,friendly@yorku.ca,5,1,1,notes in plot-discrim-todo re var vectors,2025-W47,2025-11-17
candisc,f904716c35d2b6843380b40c983c4a83e96a113c,2025-11-22T01:33:34Z,Michael Friendly,friendly@yorku.ca,3813,295,59,fix problems in gt table in painters vignette,2025-W47,2025-11-17
candisc,a066135d57490bbdd9751dce89e8e438e0176437,2025-11-22T02:03:08Z,Michael Friendly,friendly@yorku.ca,4,3,2,edit plot-discrim-todo.md,2025-W47,2025-11-17
candisc,f35b07ffa7e81131b9d3b495aab7bbedc46f11b5,2025-11-22T02:59:55Z,Michael Friendly,friendly@yorku.ca,16,4,4,edit plot-discrim-todo.md,2025-W47,2025-11-17
candisc,f86a198c1e915c16690e12ab12cdf2c34a3c46cc,2025-11-22T17:54:53Z,Michael Friendly,friendly@yorku.ca,10,3,2,update TODOs for plot_discrim(),2025-W47,2025-11-17
candisc,8da7cd978fc118bd243d49a8c201367c45b75695,2025-11-23T03:41:33Z,Michael Friendly,friendly@yorku.ca,19,1,1,make-datasets stuff,2025-W47,2025-11-17
candisc,21f0e979d395952324a62fad43636027ce7fd883,2025-11-23T16:02:00Z,Michael Friendly,friendly@yorku.ca,1391,239,5,test rev/xlim options,2025-W47,2025-11-17
candisc,ad5e4def3e9deecbb6e150c29bda36a5ef3946a2,2025-11-23T16:02:07Z,Michael Friendly,friendly@yorku.ca,19,1,1,Merge branch 'master' of github.com:friendly/candisc,2025-W47,2025-11-17
candisc,5d73f48fe75dee263b290c8516ef55db8c3263e1,2025-11-23T20:05:01Z,Michael Friendly,friendly@yorku.ca,73,33,5,use tt() not gt() in painters vignette,2025-W47,2025-11-17
candisc,22ffb1d6b563d39b5614fe51cc154910c5abc531,2025-11-23T20:08:10Z,Michael Friendly,friendly@yorku.ca,81,505,2,build_articles(),2025-W47,2025-11-17
candisc,dc20d1bac37bf395e8d41d9ced7803037cb19a3f,2025-11-23T22:33:01Z,Michael Friendly,friendly@yorku.ca,150,34,3,add datasets to README; build README,2025-W47,2025-11-17
candisc,da55b5b8ca0cb679feec3e79564384b230dba790,2025-11-24T00:33:40Z,Michael Friendly,friendly@yorku.ca,38829,35,297,revdepcheck,2025-W48,2025-11-24
candisc,ceadf55d87489091cd67801fcc4e0657e4abe5e5,2025-11-24T18:38:25Z,Michael Friendly,friendly@yorku.ca,302,767,10,add rev.axes and axis limits to plot_discrim,2025-W48,2025-11-24
candisc,a3070b2ca07dfc51d5810ccebf80711c79301cd4,2025-11-28T15:14:00Z,Michael Friendly,friendly@yorku.ca,0,38781,292,delete revdep stuff,2025-W48,2025-11-24
candisc,029a6b6e06105b1d30a5e37473ce816c1e8fbcdc,2026-06-02T17:00:20Z,Michael Friendly,friendly@yorku.ca,404,183,43,add rev.axes arg to heplot.cancor,2026-W23,2026-06-01
candisc,f3161e66f3e861ba75e13fd907bd806a1605fed7,2026-06-02T19:31:06Z,Michael Friendly,friendly@yorku.ca,68,5,3,add rev.axes arg to heplot3d.candisc; fix .Rbuildignore,2026-W23,2026-06-01
candisc,9086df496bb82277fa1eb348113888bc6d1efae6,2026-06-04T16:02:45Z,Michael Friendly,friendly@yorku.ca,136,22,8,add rev.axes to heplot3d funcs; add confusion() function,2026-W23,2026-06-01
candisc,d3987fe8fcecaacadf9687e4cdf271c957710dac,2026-06-04T18:40:44Z,Michael Friendly,friendly@yorku.ca,22,44,6,"fix URLs, update NEWS, cran-comments for submission",2026-W23,2026-06-01
candisc,d6b2311ea48d55f797b79ce4b0bf0872b092d813,2026-06-05T13:34:56Z,Michael Friendly,friendly@yorku.ca,427,119,83,build pkgdown,2026-W23,2026-06-01
candisc,b2d75b7a3512887a7af1356a3d97d25f46169e14,2026-07-01T10:25:03Z,gklorfine,gklorfine@rogers.com,2,0,1,Add MacOS file to `.gitignore`,2026-W27,2026-06-29
candisc,107478cad576e8da20bae7dfbc41134b9fcefb95,2026-07-01T10:27:07Z,gklorfine,gklorfine@rogers.com,0,0,1,Make white background in logo transparent,2026-W27,2026-06-29
candisc,b682473dc7b47a07ba6f17c99200402f4ff357af,2026-07-01T10:47:32Z,Michael Friendly,friendly@yorku.ca,2,0,2,Merge pull request #4 from gklorfine/master,2026-W27,2026-06-29
friendly.github.io,9ec0c47e28349219c3386de3b32134102af9046d,2026-01-01T18:34:29Z,Michael Friendly,friendly@yorku.ca,24,0,2,mv *.R to R/,2026-W01,2025-12-29
friendly.github.io,60d0cb68275f93e4822eebc9ac61c2f8a168eec6,2026-01-01T19:55:03Z,Michael Friendly,friendly@yorku.ca,234,75,4,"dev/notes.md, packages.Rmd",2026-W01,2025-12-29
friendly.github.io,f209ac51a9069f7ada7f1f90d2b2cc128568972d,2026-01-01T20:00:35Z,Michael Friendly,friendly@yorku.ca,2,0,1,dev-notes.md,2026-W01,2025-12-29
friendly.github.io,688e73adc7339f1d940f75147e5c6a8960219138,2026-01-01T20:20:11Z,Michael Friendly,friendly@yorku.ca,20,9,3,Fix GitHub Pages 404 error by enabling Jekyll processing,2026-W01,2025-12-29
friendly.github.io,3d7e20e6071512acbb3f6ce971b09ec074ac33c6,2026-01-01T20:42:24Z,Michael Friendly,friendly@yorku.ca,606,0,8,Add Quarto example implementation,2026-W01,2025-12-29
friendly.github.io,e1ee04d121b111be4623bf6064f6263c60acbd0d,2026-01-01T21:01:44Z,Michael Friendly,friendly@yorku.ca,4138,0,7,Fix Quarto configuration and add rendered site,2026-W01,2025-12-29
friendly.github.io,caf7cf1ddba4118fbc2608162ae52cbd458e35e7,2026-01-02T17:01:54Z,Michael Friendly,friendly@yorku.ca,8385,2,38,Update About section and add missing render artifacts,2026-W01,2025-12-29
friendly.github.io,cd4500727202eb79ab57d0d9651a26a6d785c152,2026-01-02T17:14:46Z,Michael Friendly,friendly@yorku.ca,41,3310,17,Initial quarto design,2026-W01,2025-12-29
friendly.github.io,e5ae443761a6600bd33d687b5119fe9fdcd33b58,2026-01-02T20:33:03Z,Michael Friendly,friendly@yorku.ca,119,19,12,Add book cover images to Books page,2026-W01,2025-12-29
friendly.github.io,838b12a00718c763c4a500c755bddfaf14a2bef8,2026-01-02T20:39:51Z,Michael Friendly,friendly@yorku.ca,54,221,31,add profile pic,2026-W01,2025-12-29
friendly.github.io,6a4dd5ab87d08b35cfa90e3cd66e4fd82de1772e,2026-01-02T21:11:55Z,Michael Friendly,friendly@yorku.ca,37,1,9,Fix images and add Dropbox workaround for Quarto rendering,2026-W01,2025-12-29
friendly.github.io,1fb135716645dd03c6dc56f05eff7110ba67631e,2026-01-02T21:29:41Z,Michael Friendly,friendly@yorku.ca,18,6,4,Fix image copying in render scripts - images now work!,2026-W01,2025-12-29
friendly.github.io,8c67649b5d9a8fb5af55ed329b9b8b053a0d538f,2026-01-02T21:31:37Z,Michael Friendly,friendly@yorku.ca,6,4,5,fix rendering problems,2026-W01,2025-12-29
friendly.github.io,dfc23b66ce778b802a9223edf53363fa6959d76e,2026-01-02T21:48:59Z,Michael Friendly,friendly@yorku.ca,40,1,2,Add 'A History of Data Visualization' book to Books page,2026-W01,2025-12-29
friendly.github.io,292b138a3087e08f40c232aa140fd170820282e0,2026-01-02T22:27:56Z,Michael Friendly,friendly@yorku.ca,89,2,4,Fix card styling for courses and packages pages,2026-W01,2025-12-29
friendly.github.io,585852d8bc39d1dc420753080252258c69cc4e60,2026-01-02T23:54:12Z,Michael Friendly,friendly@yorku.ca,3,1,1,tweak,2026-W01,2025-12-29
friendly.github.io,c21f38ca72ad570a9ad89d45df1726ab8d790155,2026-01-03T17:32:33Z,Michael Friendly,friendly@yorku.ca,505,7,35,update R packages,2026-W01,2025-12-29
friendly.github.io,c681539aad479264be9c8489c404a60029dc9b93,2026-01-03T19:17:27Z,Michael Friendly,friendly@yorku.ca,218,87,20,"add pkgs; restyle books, courses",2026-W01,2025-12-29
friendly.github.io,7852df66e8fa74f6164ca042e8520abd359c8184,2026-01-03T19:36:13Z,Michael Friendly,friendly@yorku.ca,18,18,6,Fix Bluesky icon in navbar,2026-W01,2025-12-29
friendly.github.io,6ef4830a18f16a1881f7573e75af6741d184743e,2026-01-03T19:37:36Z,Michael Friendly,friendly@yorku.ca,0,0,1,move packages.Rmd to dev/,2026-W01,2025-12-29
friendly.github.io,3ec5c392f335f5bbd487b83731118bc789857aeb,2026-01-03T19:43:19Z,Michael Friendly,friendly@yorku.ca,362,0,1,Add blog implementation plan,2026-W01,2025-12-29
friendly.github.io,b2f1ad9b82f977f4d3a95a163700d3a8254d057d,2026-01-07T02:57:34Z,Michael Friendly,friendly@yorku.ca,3,0,1,design-notes,2026-W02,2026-01-05
friendly.github.io,2384640238263873d28ae87e37572a7a0070508c,2026-01-07T03:42:46Z,Michael Friendly,friendly@yorku.ca,55,0,1,dev-notes,2026-W02,2026-01-05
friendly.github.io,0f272ae4f7802b5cd48f384d38708b0d7b0b78d4,2026-01-07T15:36:08Z,Michael Friendly,friendly@yorku.ca,1245,164,9,re-do packages page with cards,2026-W02,2026-01-05
friendly.github.io,76d6a77bf3d9d1e914e19818acc91800bbaedfdc,2026-01-07T15:39:38Z,Michael Friendly,friendly@yorku.ca,36,1088,2,dont render *-old,2026-W02,2026-01-05
friendly.github.io,b6ba187f6c8fd8f2e48d91e1b7b19f9c63cdec11,2026-01-07T16:27:07Z,Michael Friendly,friendly@yorku.ca,11,11,6,replace favicon,2026-W02,2026-01-05
friendly.github.io,603c55ba769132bd870b2a60f3b731da5cb5daca,2026-01-07T16:37:04Z,Michael Friendly,friendly@yorku.ca,71,1,6,"add meta, open-graph",2026-W02,2026-01-05
friendly.github.io,dff38b2e556c507781b020d6030e41d31d39e8be,2026-04-13T02:42:10Z,Michael Friendly,friendly@yorku.ca,335,1,4,notes on banner,2026-W16,2026-04-13
friendly.github.io,599e3e0689eadc67c19b6804f9f927bf1d3e3c36,2026-04-13T13:38:42Z,Michael Friendly,friendly@yorku.ca,657,328,19,work on site,2026-W16,2026-04-13
friendly.github.io,7e907e38f9634d550f6ab15cd69b5090c33b637d,2026-04-13T14:15:55Z,Michael Friendly,friendly@yorku.ca,334,0,9,add banner/images,2026-W16,2026-04-13
friendly.github.io,83e50a2e2d2553135f1adb38b72e3af4da3f1f7d,2026-04-20T15:52:12Z,Michael Friendly,friendly@yorku.ca,3102,196,43,added blogs,2026-W17,2026-04-20
friendly.github.io,aef68be2c9f5cb35d317363688d38a41ddc7ff63,2026-04-20T18:56:38Z,Michael Friendly,friendly@yorku.ca,1346,41,29,added Making Vis-MLM post,2026-W17,2026-04-20
friendly.github.io,1c02d3fda3618ca170eee83bcda406f1511ff6d2,2026-04-21T21:29:24Z,Michael Friendly,friendly@yorku.ca,424,0,7,add some blog drafts,2026-W17,2026-04-20
friendly.github.io,cd318f4c2a8200df0952242670b4a9141e5af80e,2026-04-22T18:47:28Z,Michael Friendly,friendly@yorku.ca,260,13,4,work on indexing blog,2026-W17,2026-04-20
friendly.github.io,a1925a7c6644af1147ab111f5007e11742984c0a,2026-04-23T01:21:15Z,Michael Friendly,friendly@yorku.ca,1153,0,10,indexing blog,2026-W17,2026-04-20
friendly.github.io,ef0260fb3352c4f2f500da1b2c0723495c1cbb7a,2026-04-26T19:46:27Z,Michael Friendly,friendly@yorku.ca,367,314,21,making VisMLM post,2026-W17,2026-04-20
friendly.github.io,39e359b1f0f4b9d231259973eefb06c9b2ba89b1,2026-05-01T02:46:24Z,Michael Friendly,friendly@yorku.ca,1141,0,6,add qrcode; determinant distributions,2026-W18,2026-04-27
friendly.github.io,9db77c2a9584d47f34cf4fa07a2afe1cdc3cea49,2026-05-01T02:46:33Z,Michael Friendly,friendly@yorku.ca,367,314,21,Merge branch 'master' of https://github.com/friendly/friendly.github.…,2026-W18,2026-04-27
friendly.github.io,8b11eba7d754048d3229811ca5574064f5e30342,2026-05-01T14:03:45Z,Michael Friendly,friendly@yorku.ca,521,2,2,blog stuff,2026-W18,2026-04-27
friendly.github.io,adf9485197d8a25dd78d2ffa44c83ca887fd7de9,2026-05-01T14:05:44Z,Michael Friendly,friendly@yorku.ca,1507,313,27,fix merge,2026-W18,2026-04-27
friendly.github.io,57d96a5d084baae2bca54afa168ef8f20f56b44b,2026-05-01T15:12:01Z,Michael Friendly,friendly@yorku.ca,1993,1867,30,add indexing blog,2026-W18,2026-04-27
friendly.github.io,85636d1a62b66ca2dab0ec828a3d74a12e3a979e,2026-05-01T18:24:52Z,Michael Friendly,friendly@yorku.ca,57,67,9,edit making-viz-mlm post,2026-W18,2026-04-27
friendly.github.io,46ad724177c4744fff03efb8f0a3a12d7ad4d2dc,2026-05-01T19:49:48Z,Michael Friendly,friendly@yorku.ca,227,1,7,add draft/determinants,2026-W18,2026-04-27
friendly.github.io,25a3a704ec315e007b4af64a861af8156fbbb75a,2026-05-02T02:32:46Z,Michael Friendly,friendly@yorku.ca,1349,4,13,add QR code; links to determinants,2026-W18,2026-04-27
friendly.github.io,e3726b5e39f624897b77962131d323c16488d07b,2026-05-08T16:07:15Z,Michael Friendly,friendly@yorku.ca,32,0,1,notes on tired horses,2026-W19,2026-05-04
friendly.github.io,046e7ed56fe74d8271a9892a059991465a82a605,2026-05-08T17:51:02Z,Michael Friendly,friendly@yorku.ca,14,1,2,notes on tired horses,2026-W19,2026-05-04
friendly.github.io,dcccc7be972e8f51212d888261e86737afdec984,2026-05-08T20:11:53Z,Michael Friendly,friendly@yorku.ca,208,139,11,clean up determinant-distributions draft: simplify R code and add ana…,2026-W19,2026-05-04
friendly.github.io,459bff166cf5b7da05d54359fe8647c9aae9add1,2026-05-21T17:21:14Z,Michael Friendly,friendly@yorku.ca,489,0,7,added notes on partial-var-plots,2026-W21,2026-05-18
friendly.github.io,321b0897776b6d0269a3895f2bf10aed04bab714,2026-05-22T19:53:31Z,Michael Friendly,friendly@yorku.ca,24,0,1,blog idea: manage chunks,2026-W21,2026-05-18
friendly.github.io,18fa0d3011352d354a75224b9d903f7b66811564,2026-05-22T20:49:16Z,Michael Friendly,friendly@yorku.ca,177,13,1,work on manage-chunks.md,2026-W21,2026-05-18
friendly.github.io,5be518cde953b54fe63009bad86587d7135d8d4b,2026-05-23T00:24:55Z,Michael Friendly,friendly@yorku.ca,0,29,3,reorganize drafts/,2026-W21,2026-05-18
friendly.github.io,3f65e944e298d6295bed17dfddb004d88e39e89d,2026-06-07T18:04:42Z,Michael Friendly,friendly@yorku.ca,74,3,2,"beach science, chunks ideas",2026-W23,2026-06-01
friendly.github.io,1045723db296cafdd3f278b8fafe75dc2a4dde16,2026-06-07T19:17:48Z,Michael Friendly,friendly@yorku.ca,57,13,1,beach science,2026-W23,2026-06-01
friendly.github.io,a9d1ea809e044f5d1291b9fe698ce9ff8d1cfb62,2026-06-11T18:47:55Z,Michael Friendly,friendly@yorku.ca,142,0,4,move BeachScience to its own draft folder,2026-W24,2026-06-08
friendly.github.io,5cc150196e157f19eb6ac539df6fa7e03bc74f26,2026-06-12T11:04:35Z,Michael Friendly,friendly@yorku.ca,46,23,7,"BeachScience draft: YAML header, images, fixes",2026-W24,2026-06-08
friendly.github.io,183a4f8a68dfdff60acbab686f671e511deac738,2026-06-12T18:01:57Z,Michael Friendly,friendly@yorku.ca,142,13,3,"BeachScience: edit intro, update warmup, add HowWarm notes",2026-W24,2026-06-08
friendly.github.io,e171607da1c5175094d31ed4ac95370ef502e4b2,2026-06-12T19:57:42Z,Michael Friendly,friendly@yorku.ca,923,3,12,Beach Science: publish intro post,2026-W24,2026-06-08
friendly.github.io,1f70565a0968255bd5830fd4986f7def83c0dde9,2026-06-12T20:03:45Z,Michael Friendly,friendly@yorku.ca,2,1,1,Fix blog listing: add Beach Science post to listings.json,2026-W24,2026-06-08
friendly.github.io,67c8c65f12ec0b5ef6d2edd3fe0cd7c4cd0b8255,2026-06-12T20:08:18Z,Michael Friendly,friendly@yorku.ca,827,6,10,Beach Science blog,2026-W24,2026-06-08
friendly.github.io,2558364f9d978d133f085fe05fa5948d4237a63a,2026-06-12T20:15:37Z,Michael Friendly,friendly@yorku.ca,135,2224,12,re-build site for new BS blog post,2026-W24,2026-06-08
friendly.github.io,f5cc5457f98d6bc3e33e7637a94b21789ea3fa12,2026-06-12T20:42:01Z,Michael Friendly,friendly@yorku.ca,8,4,4,Use OSM for Leucate map,2026-W24,2026-06-08
friendly.github.io,4774506991bb5a20ab5a5e2655756e79847e4890,2026-06-14T11:11:24Z,Michael Friendly,friendly@yorku.ca,607,26,5,BeachScience drafts: Warmup and SimWarmth,2026-W24,2026-06-08
friendly.github.io,4fc6034985e3aa68e4e5d755270cb2d7b1aa5132,2026-06-14T16:50:15Z,Michael Friendly,friendly@yorku.ca,4067,13,37,add banner image to intro,2026-W24,2026-06-08
friendly.github.io,f86d7591c1b7dc1bada33dbcaa63f96366a80f1e,2026-06-15T09:37:14Z,Michael Friendly,friendly@yorku.ca,1212,101,18,added BS-warmup post,2026-W25,2026-06-15
friendly.github.io,252330badc8aa26fcf37988a26da4619add4125b,2026-06-15T09:48:58Z,Michael Friendly,friendly@yorku.ca,23,3914,18,added links to BS posts,2026-W25,2026-06-15
friendly.github.io,85064363565ab88fba86bdaa90413fcffbf0a87e,2026-06-15T12:54:40Z,Michael Friendly,friendly@yorku.ca,4240,12,19,BS-HowWarm,2026-W25,2026-06-15
friendly.github.io,241a345748eeac726164b6504efae11c4779a287,2026-06-15T13:32:52Z,Michael Friendly,friendly@yorku.ca,77,37,5,BS-HowWarm - banner,2026-W25,2026-06-15
friendly.github.io,107b4389f2d4d2f097effe9b05815e5e8e6e6bf5,2026-06-16T20:33:49Z,Michael Friendly,friendly@yorku.ca,778,3,8,"BeachScience: fix HowWarm banner crop, add EarlyHumans & GenderGap dr…",2026-W25,2026-06-15
friendly.github.io,e4762ec5f281fd2a850624b0b3921ad8af6acdb1,2026-06-16T20:38:07Z,Michael Friendly,friendly@yorku.ca,0,3988,14,Remove rendered HTML/_files artifacts from BeachScience drafts,2026-W25,2026-06-15
friendly.github.io,c9b49894eb8a6233f7b45110d4723aa950736279,2026-06-17T17:07:37Z,Michael Friendly,friendly@yorku.ca,477,0,6,"Start Chevaliers series, fix GenderGap comment, jot down series theme",2026-W25,2026-06-15
friendly.github.io,f79b3dc966ebd8907d1dcec9a9343d78fa9ceb9a,2026-06-18T20:49:34Z,Michael Friendly,friendly@yorku.ca,133,1,3,"add SKILLS, BS-LitReview",2026-W25,2026-06-15
friendly.github.io,0848087145279ad0ec39864d291c45f44a017285,2026-06-21T20:08:42Z,Michael Friendly,friendly@yorku.ca,4165,11,22,more HowWarm & images,2026-W25,2026-06-15
friendly.github.io,7de80c9497bcd49a3d5a7f85360665c6a86fa8f9,2026-06-21T20:19:41Z,Michael Friendly,friendly@yorku.ca,22,20,3,tweak probwords fig,2026-W25,2026-06-15
friendly.github.io,4545d6de059dbe2cedeef5285dec413ee719dc2c,2026-06-23T13:32:04Z,Michael Friendly,friendly@yorku.ca,2044,4217,54,complete HowWarm blog post,2026-W26,2026-06-22
friendly.github.io,a12a185cb46e1391f3f0c9ab244c88b58a59d190,2026-06-23T20:50:28Z,Michael Friendly,friendly@yorku.ca,3986,218,23,beachifilia post,2026-W26,2026-06-22
friendly.github.io,53202a092136577a0c5346bd542868e44d3c7ec6,2026-06-24T21:21:42Z,Michael Friendly,friendly@yorku.ca,189,16,20,add floating style to WarmUp,2026-W26,2026-06-22
friendly.github.io,abf479b421c7e46462f297c2f8d59ec07d40f31f,2026-06-25T10:00:39Z,Michael Friendly,friendly@yorku.ca,79,49,9,add Beach Science Methods,2026-W26,2026-06-22
friendly.github.io,d7c43765b7b99b8758ff92292fac06fd50de4903,2026-06-25T19:32:59Z,Michael Friendly,friendly@yorku.ca,62,26,9,add French to Warmth,2026-W26,2026-06-22
friendly.github.io,74dd8d4975f0f0db270a880d74895f52c6ec481e,2026-06-26T10:10:02Z,Michael Friendly,friendly@yorku.ca,203,115,8,Beach People post,2026-W26,2026-06-22
friendly.github.io,592abf99de6da7eb1b7a9b7d9db173f2b1734d14,2026-06-26T10:36:28Z,Michael Friendly,friendly@yorku.ca,750,3457,31,publish Beach People post,2026-W26,2026-06-22
friendly.github.io,a5cda104dd49dc4f4e947f98eb3a25c5b78477ec,2026-06-26T10:51:57Z,Michael Friendly,friendly@yorku.ca,88,389,13,add series footers,2026-W26,2026-06-22
friendly.github.io,f2881ef79722a40d2da32e3ddbfe9fd3244b398a,2026-06-26T11:17:12Z,Michael Friendly,friendly@yorku.ca,4064,4,15,BS Umbrella,2026-W26,2026-06-22
friendly.github.io,c8977cb6a19fe3a06d2da0282ec7ca50b0b0f887,2026-06-26T17:00:52Z,Michael Friendly,friendly@yorku.ca,153,0,3,BS-Patterns,2026-W26,2026-06-22
friendly.github.io,eb9e14ee991bbef2c5b33e173e3b6710c432849a,2026-06-27T14:35:57Z,Michael Friendly,friendly@yorku.ca,3945,38,19,tweak BS-Patterns,2026-W26,2026-06-22
friendly.github.io,57cfdae8633e29445c4c1318c45beaf90321a0b5,2026-06-27T15:19:27Z,Michael Friendly,friendly@yorku.ca,1376,224,25,publish BS-Patterns,2026-W26,2026-06-22
friendly.github.io,438d69d5619bc695e4a31d7966790d07d5d39ce9,2026-06-27T15:36:37Z,Michael Friendly,friendly@yorku.ca,23,3944,21,make categories consistent,2026-W26,2026-06-22
friendly.github.io,e488af35be3df9863571b2fbe9750d7d5fdfbe5a,2026-06-27T15:50:22Z,Michael Friendly,friendly@yorku.ca,33,8,4,BS-Umbrellas,2026-W26,2026-06-22
friendly.github.io,3d5f4286d55b4e873f280fd09a2dfc1b588ed18d,2026-06-27T17:12:04Z,Michael Friendly,friendly@yorku.ca,91,55,4,"update EarlyHumans, SKILL.md",2026-W26,2026-06-22
friendly.github.io,f68acbd09f51e4c0e8822609a3baa61dd19f39e3,2026-06-30T09:13:23Z,Michael Friendly,friendly@yorku.ca,54,10,4,BS-Umbrella; make blogs sortable,2026-W27,2026-06-29
friendly.github.io,8bb5d481ed1ca838b9d78a2c677f3bbe3c27ace9,2026-06-30T09:23:13Z,Michael Friendly,friendly@yorku.ca,832,3597,36,publish BS-Umbrella,2026-W27,2026-06-29
friendly.github.io,99f3eadff79c76b696e73c80e470f4f897e3d47a,2026-07-07T09:10:55Z,Michael Friendly,friendly@yorku.ca,10,0,1,Add sourced footnotes for Feynman quotes in BS-Intro,2026-W28,2026-07-06
friendly.github.io,889dc74566a5c155467ac775be6d0868ad302ccd,2026-07-07T09:13:18Z,Michael Friendly,friendly@yorku.ca,4,0,1,Add citation widget and Google Scholar metadata to BS-Intro,2026-W28,2026-07-06
friendly.github.io,7774fa6ca2ce9dd1a68806c60115bd864e2fb4ec,2026-07-07T11:11:59Z,Michael Friendly,friendly@yorku.ca,403,11,12,Extend quarto-indexes post: index quality assessment section,2026-W28,2026-07-06
friendly.github.io,f1103a79a82edb1fba05854cbf5efc76916d3a94,2026-07-07T19:37:41Z,Michael Friendly,friendly@yorku.ca,218,40,22,Add visualization methods to indexing blog post,2026-W28,2026-07-06
friendly.github.io,293ee85c8ffa269ca3c7a4d2735b7d1103f4a5a3,2026-07-08T09:22:46Z,Michael Friendly,friendly@yorku.ca,4,0,1,Add citation type and Google Scholar metadata to quarto-indexes post,2026-W28,2026-07-06
friendly.github.io,4d2640df94f7176fdbd425359f0eed1f864b60b0,2026-07-08T20:17:04Z,Michael Friendly,friendly@yorku.ca,18,0,2,"Add Leaf for Life section, TOC, and citation to BS-Umbrella post",2026-W28,2026-07-06
friendly.github.io,e0ec2be6d668127ffcf171c2b78a19c607759b8a,2026-07-08T20:21:53Z,Michael Friendly,friendly@yorku.ca,375,24,33,leaf-for-life tweaks; render,2026-W28,2026-07-06
friendly.github.io,dbc9f8f43a9e327198467e78ecb959c3700a88c7,2026-07-09T11:10:10Z,Michael Friendly,friendly@yorku.ca,1684,355,30,Publish determinant-distributions post; update Umbrella/warmup posts …,2026-W28,2026-07-06
friendly.github.io,603a2d6d9760acb61074b0e0dd6b445b50b25fcb,2026-07-12T20:43:15Z,Michael Friendly,friendly@yorku.ca,630,114,12,Flesh out BS-HowLong draft and add new van Langren cipher post draft,2026-W28,2026-07-06
friendly.github.io,d0760d9f977c48b14b903084ebdd485d9c60fd9b,2026-07-13T11:31:30Z,Michael Friendly,friendly@yorku.ca,213,8,7,"Expand van Langren cipher post: full ciphertext, decode illustration,…",2026-W29,2026-07-13
friendly.github.io,56be04f6462d7e7864871d3a4dd5f48fd3c018d9,2026-07-13T12:04:51Z,Michael Friendly,friendly@yorku.ca,117,1,2,Add water-clock diagram to van Langren cipher post,2026-W29,2026-07-13
friendly.github.io,3e74a4ce9d94799df34cbad370a8a8a8862fbc8f,2026-07-13T19:46:29Z,Michael Friendly,friendly@yorku.ca,15,4,1,Add codebreaker outreach anecdote to van Langren post intro,2026-W29,2026-07-13
friendly.github.io,0e1adfa62e3c17bbee9d58efb866670e1ae68498,2026-07-13T20:01:03Z,Michael Friendly,friendly@yorku.ca,12,0,1,Flesh out data-viz-history intro examples in van Langren post,2026-W29,2026-07-13
friendly.github.io,4174d0e3fb987fcfe4042b4d21257c561315b9bb,2026-07-14T09:26:16Z,Michael Friendly,friendly@yorku.ca,25,25,1,Minor edits to van Langren post,2026-W29,2026-07-13
friendly.github.io,084b5d9963b4e6ff67a66823e70f11edb60582bc,2026-07-16T00:33:49Z,Michael Friendly,friendly@yorku.ca,4463,1,19,4x4 determinants,2026-W29,2026-07-13
friendly.github.io,02444623ef842be41c35bcd5de5719b9a6cdb1a2,2026-07-17T21:06:58Z,Michael Friendly,friendly@yorku.ca,4043,13,17,more on Langren,2026-W29,2026-07-13
friendly.github.io,6e4726e5395622e00007e1ba8c70752699312397,2026-07-19T18:53:13Z,Michael Friendly,friendly@yorku.ca,857,76,10,Add van Langren cipher analysis draft and supporting files,2026-W29,2026-07-13
friendly.github.io,b8ad14c29c2c0af8f23b0326b2a2ab9db1a9b579,2026-07-20T15:17:20Z,Michael Friendly,friendly@yorku.ca,200,129,2,"Polish van Langren post: links, table, cipher highlighting, fixes",2026-W30,2026-07-20
friendly.github.io,8ab32022a16e29140ab75168e75424b44856cc3a,2026-07-20T15:43:06Z,Michael Friendly,friendly@yorku.ca,35,9,1,"Polish determinants draft: summary stats, code folding, date-modified",2026-W30,2026-07-20
friendly.github.io,22191fa0a3a755b8e9d0ca874f0f0ab8e25084bd,2026-07-20T16:14:18Z,Michael Friendly,friendly@yorku.ca,31,4,2,"Extend conclusions, add caching, update .gitignore for cache dirs",2026-W30,2026-07-20
friendly.github.io,99022ae5744b6b9b5d9274131e36eab534a86cc9,2026-07-20T16:21:50Z,Michael Friendly,friendly@yorku.ca,1,1,1,Fix dependson syntax: use YAML array instead of !expr,2026-W30,2026-07-20
friendly.github.io,1de846383cd4b8488c290633536002d5ea01464a,2026-07-20T21:11:41Z,Michael Friendly,friendly@yorku.ca,74,0,1,Add Bluesky posting script using atrrr package,2026-W30,2026-07-20
friendly.github.io,f2701d195f8a57f539d85140fc86d7f4708b4f04,2026-07-20T21:43:59Z,Michael Friendly,friendly@yorku.ca,4528,8,20,more edits to van Langren,2026-W30,2026-07-20
friendly.github.io,6cb9064b545e27b50de6135617c3931bb97a6b88,2026-07-20T22:10:48Z,Michael Friendly,friendly@yorku.ca,12,4,1,"vanLangren: improve water clock explanation, add Harrison H1 image",2026-W30,2026-07-20
friendly.github.io,a331a9928707239275d017fb321a16bf26a3bc9c,2026-07-21T15:40:18Z,Michael Friendly,friendly@yorku.ca,30,11,1,"vanLangren: add Coda, footnote on longitude methods, misc edits",2026-W30,2026-07-20
friendly.github.io,c3ecc140a5ceca3defea1a986ea921b03b64d4af,2026-07-21T18:57:05Z,Michael Friendly,friendly@yorku.ca,7,7,1,vanLangren: increase ggplot text sizes by 20% for HTML rendering,2026-W30,2026-07-20
friendly.github.io,6431bc12f52dd93a2f1b18b7adaec0aecf0821d1,2026-07-21T18:58:13Z,Michael Friendly,friendly@yorku.ca,676,0,15,Publish van Langren post to blog/posts/2026-07-van-langren/,2026-W30,2026-07-20
friendly.github.io,0d71350b9e441356435f67aa0434436cd6e01e34,2026-07-21T19:08:38Z,Michael Friendly,friendly@yorku.ca,2109,404,41,Render site: publish van Langren post,2026-W30,2026-07-20
friendly.github.io,318ed2ad057cbaad3548efffccec6b583504cd3f,2026-07-21T19:29:12Z,Michael Friendly,friendly@yorku.ca,8,0,2,vanLangren: add citation and google-scholar fields to YAML,2026-W30,2026-07-20
friendly.github.io,4b1a70e8b8b1baecbbd078ed50ad87d1203faa29,2026-07-21T19:31:20Z,Michael Friendly,friendly@yorku.ca,22,3,3,Render site: add citation block to van Langren post,2026-W30,2026-07-20
friendly.github.io,21623e6446a01406babd9065324d4259510bfcb5,2026-07-21T20:01:54Z,Michael Friendly,friendly@yorku.ca,176,0,1,Add outline for ChatGPT 1759 Edition post (Migneret / Antoine tribute),2026-W30,2026-07-20
friendly.github.io,0ef42b98c415d5709c62f8696915b0accb0fe238,2026-07-21T20:18:59Z,Michael Friendly,friendly@yorku.ca,92,2,1,Add detailed notes from Migneret pp.7-19 to outline,2026-W30,2026-07-20
friendly.github.io,c02296c52b58f5398ff541b26ffd8e7cc0347be5,2026-07-22T16:12:52Z,Michael Friendly,friendly@yorku.ca,82,0,11,Add Antoine/Migneret draft assets and van Langren supporting files,2026-W30,2026-07-20
friendly.github.io,9c738cebbddc89643c37996af8e767d4a83bb0c8,2026-07-22T16:17:14Z,Michael Friendly,friendly@yorku.ca,142,0,7,"Antoine email, notes",2026-W30,2026-07-20
friendly.github.io,91dc134f54ebc2c07c281a7b7f4cd220e6e68fd8,2026-07-22T16:17:34Z,Michael Friendly,friendly@yorku.ca,42,0,7,Merge branch 'master' of https://github.com/friendly/friendly.github.io,2026-W30,2026-07-20
friendly.github.io,8808c5adcc50c9455a7795dac5b9c1a470f80cf2,2026-07-22T18:26:23Z,Michael Friendly,friendly@yorku.ca,95,3,1,Draft Section 3 (oracle at work) and cover image in ChatGPT 1759 post,2026-W30,2026-07-20
friendly.github.io,40c896b60e09afa5a73feb0857c8bff6f02f2c9b,2026-07-22T18:50:40Z,Michael Friendly,friendly@yorku.ca,176,5,4,Convert ChatGPT 1759 draft to .qmd; move cover image to images/,2026-W30,2026-07-20
friendly.github.io,888ac7302895ae018244349823fb821b4b3c3715,2026-07-22T20:17:16Z,Michael Friendly,friendly@yorku.ca,52,27,1,Expand Step 4 with diffusion explanation and transformer analogy,2026-W30,2026-07-20
friendly.github.io,c3e0ed38fee215b336355a62d47e534b421f117f,2026-07-22T20:26:45Z,Michael Friendly,friendly@yorku.ca,25,0,1,Draft Section 4: The LLM parallel table with explanations,2026-W30,2026-07-20
friendly.github.io,294a1b33104d7577e6e8c20a15dc854026eda237,2026-07-22T20:40:38Z,Michael Friendly,friendly@yorku.ca,12,0,1,Draft Section 5: Then and Now,2026-W30,2026-07-20
friendly.github.io,ef81c8e4eb0af4fca930221e44ab6def9941fb19,2026-07-22T20:55:41Z,Michael Friendly,friendly@yorku.ca,83,1,1,Add notes from Application section (pp.49-55): sub-word table discovery,2026-W30,2026-07-20
friendly.github.io,428668c9ed600038a50734adca1fedf68a89ca7b,2026-07-23T02:39:25Z,Michael Friendly,friendly@yorku.ca,3992,1,14,add Chevalier category,2026-W30,2026-07-20
friendly.github.io,56a761b3c62281770f3ab3dc0a3cdedb2144c8c6,2026-07-23T17:11:17Z,Michael Friendly,friendly@yorku.ca,87,41,6,Revise Step 6 and LLM parallel; add table images and Coda,2026-W30,2026-07-20
friendly.github.io,a52afb011e758e80ddd752861e58b6f05989c9da,2026-07-23T17:27:15Z,Michael Friendly,friendly@yorku.ca,40,36,1,Add links to chatgpt1759.qmd,2026-W30,2026-07-20
friendly.github.io,df9904a63a4c18955d75f5de0f72f5fe14fa4eff,2026-07-23T18:46:57Z,Michael Friendly,friendly@yorku.ca,32,16,4,"Add papers/ dir; update links, banner image, and misc edits",2026-W30,2026-07-20
friendly.github.io,026bcdeafa7f9ef45514a3729009508b795c4380,2026-07-23T18:48:27Z,Michael Friendly,friendly@yorku.ca,105,71,1,Re-render chatgpt1759.html,2026-W30,2026-07-20
friendly.github.io,b9678ee57beb8a3394188aaadf4454da0c8a5a31,2026-07-23T19:23:00Z,Michael Friendly,friendly@yorku.ca,14,5,1,Expand Step 5 with band indicators; add transformer link,2026-W30,2026-07-20
friendly.github.io,01f21deddc03df2cb20b4a08b33b6c18ac95419d,2026-07-23T20:10:32Z,Michael Friendly,friendly@yorku.ca,31,0,1,Add CLAUDE.md with History of DataVis paper links and bib references,2026-W30,2026-07-20
friendly.github.io,157c224a44bb3839cbe0b4ea301a463dfa9a72e1,2026-07-23T23:53:36Z,Michael Friendly,friendly@yorku.ca,71,13,3,"Fix typo, add TOC, cite Buehler et al. on LLM physical-law encoding",2026-W30,2026-07-20
friendly.github.io,06e403fec727abde08f14c52331bb79736db1e2a,2026-07-24T01:14:16Z,Michael Friendly,friendly@yorku.ca,11,142,3,Fix typos and citation in chatgpt1759 draft; drop stale .md export,2026-W30,2026-07-20
friendly.github.io,c5999a8161ef81137f6c16ef6403d38bba538030,2026-07-24T01:42:38Z,Michael Friendly,friendly@yorku.ca,60,38,16,Rename ChatGPT1759 draft to match casing; move DataViz reference note…,2026-W30,2026-07-20
friendly.github.io,afd5a26aac87ee704bde36b0fe70cb52471d1891,2026-07-24T19:12:30Z,Michael Friendly,friendly@yorku.ca,254,0,4,"Add ""Mind Your Chunks"" draft to Vis-MLM series",2026-W30,2026-07-20
friendly.github.io,2ce99b9bb0838ba4cb5250a645af5f3b4c8d8c7d,2026-07-24T19:13:28Z,Michael Friendly,friendly@yorku.ca,30,3,4,"Fix typo, tidy decode-cipher.R, add Medium-ready cipher image and Nig…",2026-W30,2026-07-20
friendly.github.io,606a22003637b89b709f3056ab122cbe94a01e4b,2026-07-24T19:33:16Z,Michael Friendly,friendly@yorku.ca,176,3,2,Add chunks.R reference copy and link the published gist,2026-W30,2026-07-20
friendly.github.io,c9993a7fae12ff91a2d2b5f81a79a1ec27d7dbf7,2026-07-24T20:23:05Z,Michael Friendly,friendly@yorku.ca,4135,10,14,work on manage chunks post,2026-W30,2026-07-20
friendly.github.io,bbd1d26c4c559ecc9b939c13e3c1d253351cd6f5,2026-07-25T02:18:22Z,Michael Friendly,friendly@yorku.ca,261,128,4,"Add package comparison, banner, and doc links to Mind Your Chunks draft",2026-W30,2026-07-20
friendly.github.io,e172386682ff1c1f920ce20f3b4a7623300bec2d,2026-07-25T02:22:05Z,Michael Friendly,friendly@yorku.ca,59,56,20,Full site render,2026-W30,2026-07-20
friendly.github.io,c2d141eea885bb7573f15f1130a7e29a25df92a4,2026-07-25T02:28:20Z,Michael Friendly,friendly@yorku.ca,8,0,2,Add inline chunk-options figure to Mind Your Chunks draft,2026-W30,2026-07-20
friendly.github.io,2991d80e74179e1be9269bcef1a3951f5b4a18ad,2026-07-25T18:32:33Z,Michael Friendly,friendly@yorku.ca,291,92,19,"Expand mind-your-chunks draft: So-how-did-it-go section, links, get_o…",2026-W30,2026-07-20
friendly.github.io,c577fe3ca1c97ae7a5f28f00d4f040016bd45bf8,2026-07-25T19:40:09Z,Michael Friendly,friendly@yorku.ca,26,3,1,"mind-your-chunks: polish prose, links, get_opt helper, gap-bridging text",2026-W30,2026-07-20
friendly.github.io,d4d1f5841f43976115d93fb0629edb9b2f4b30da,2026-07-25T20:09:58Z,Michael Friendly,friendly@yorku.ca,2457,408,15,Publish mind-your-chunks post,2026-W30,2026-07-20
friendly.github.io,892fce8d189efc0ab2b6aa35470c2660837f1a9c,2026-07-25T20:14:14Z,Michael Friendly,friendly@yorku.ca,37,21,4,Link mind-your-chunks in making-vis-mlm; commit draft source,2026-W30,2026-07-20
friendly.github.io,7ce4d629de3a062d5015e0a2e5d128efb744d971,2026-07-25T20:23:30Z,Michael Friendly,friendly@yorku.ca,12,5,2,"making-vis-mlm: fix typo, mark quarto-is-not-latex coming soon, add d…",2026-W30,2026-07-20
friendly.github.io,572f374da2948253436f0de9c79d4b7438b7c95f,2026-07-26T20:59:01Z,Michael Friendly,friendly@yorku.ca,100,44,1,"quarto-is-not-latex draft: fix links, garbled paragraph, TeXStudio sc…",2026-W30,2026-07-20
friendly.github.io,7ff2d161e19977262479438014880b216534147b,2026-07-26T21:51:39Z,Michael Friendly,friendly@yorku.ca,74,32,1,"quarto-is-not-latex: fix prose, link R/common.R and quarto-indexes post",2026-W30,2026-07-20
friendly.github.io,d76a04de342a759e433ff3474432135825afdbb4,2026-07-26T22:11:34Z,Michael Friendly,friendly@yorku.ca,4215,5,16,"quarto-is-not-latex: fix shortcode escaping, explain MathJax/include …",2026-W30,2026-07-20
friendly.github.io,3f7bcd9df0571875c20f8b53dfca3b23da0febef,2026-07-28T00:24:56Z,Michael Friendly,friendly@yorku.ca,100,152,23,Default to dark mode; fix invisible inline code in headings/tables,2026-W31,2026-07-27
friendly.github.io,f27171812311e0e66805c6e7d7881efc8eecc642,2026-07-28T00:27:17Z,Michael Friendly,friendly@yorku.ca,4352,44,16,Merge remote-tracking branch 'origin/master',2026-W31,2026-07-27
friendly.github.io,2f76f9ec7314792ccbec39c1ee5076c926cb1cf3,2026-07-28T00:38:30Z,Michael Friendly,friendly@yorku.ca,0,0,2,Copy draft images for quarto-is-not-latex to docs/,2026-W31,2026-07-27
friendly.github.io,bf8e94b71be963e0d6456bca31fadf65fd4b2779,2026-07-31T21:06:17Z,Michael Friendly,friendly@yorku.ca,771,413,27,"Publish ""ChatGPT, 1759 Edition"" post and rebuild the site",2026-W31,2026-07-27
friendly.github.io,26b2f25e2e0b0693d3c7729feb83887a7e78a7d9,2026-08-01T16:09:28Z,Michael Friendly,friendly@yorku.ca,3,1,6,render site,2026-W31,2026-07-27
friendly.github.io,d9c523df7f93a8609073057552eaddba0b0ab341,2026-08-01T16:12:54Z,Michael Friendly,friendly@yorku.ca,7328,727,73,Merge branch 'master' of https://github.com/friendly/friendly.github.io,2026-W31,2026-07-27
friendly.github.io,8fb06ab9d96c181a6eff74bf3eb1cc4f43d1b84d,2026-08-01T16:16:57Z,Michael Friendly,friendly@yorku.ca,395,395,11,Rebuild site after merging origin,2026-W31,2026-07-27
friendly.github.io,92eb8d04ce3744ed2a33abb84593fa7473d1b059,2026-08-01T16:22:44Z,Michael Friendly,friendly@yorku.ca,1142,6,7,"Publish ""ChatGPT, 1759 Edition""",2026-W31,2026-07-27
friendly.github.io,65ec67c216f14ea2bce1108a8ded872fe9717359,2026-08-01T18:28:40Z,Michael Friendly,friendly@yorku.ca,254,254,24,Rename chatgpt-1759 post to 2026-08 and rebuild site,2026-W31,2026-07-27
friendly.github.io,840d444135b7851a3840be1207678d1dc23278de,2026-08-02T01:57:21Z,Michael Friendly,friendly@yorku.ca,11,2,2,Merge local Claude settings permissions; fix indentation in Buehler d…,2026-W31,2026-07-27
friendly.github.io,d26822a2e5f127ddaea916d2c9678b735bfb7b3c,2026-08-02T15:21:43Z,Michael Friendly,friendly@yorku.ca,10,10,10,tweak chatGPT post,2026-W31,2026-07-27
friendly.github.io,c8259559c1be93e5a070a2f1391b6385b089fc35,2026-08-02T15:24:57Z,Michael Friendly,friendly@yorku.ca,11,2,2,Merge branch 'master' of https://github.com/friendly/friendly.github.io,2026-W31,2026-07-27
friendly.github.io,37cf7d3468886c29ff9eb841203723c931db8fd5,2026-08-02T22:14:57Z,Michael Friendly,friendly@yorku.ca,50,21,16,Use transparent-background hex-logo image on home and packages pages,2026-W31,2026-07-27
friendly.github.io,6774dbf7b0aa189af6dba94834b26a0c0a578522,2026-08-03T03:05:09Z,Michael Friendly,friendly@yorku.ca,51,2,3,Experiment: embed live hexsession tile in packages.qmd; document hexs…,2026-W32,2026-08-03
friendly.github.io,64ae85d7feaf76f9f36934522ebd763349107b2b,2026-08-04T15:46:52Z,Michael Friendly,friendly@yorku.ca,367,26,10,Embed hexsession tile in sandboxed iframe; fix dark-mode card contrast,2026-W32,2026-08-03
friendly.github.io,97b263146d0a5146daa35a83c6fa97ba3f7df442,2026-08-07T18:10:15Z,Michael Friendly,friendly@yorku.ca,192,11,2,Add validating-AI notes; expand tired-horses draft,2026-W32,2026-08-03
friendly.github.io,0689e1b99d34af3f1de36d4e1e8fad542e978f58,2026-08-07T18:35:05Z,Michael Friendly,friendly@yorku.ca,717,289,46,Merge remote-tracking branch 'origin/master',2026-W32,2026-08-03
friendly.github.io,1b98df1b2f447a3584fcc331bb288103d7449270,2026-08-07T19:27:36Z,Michael Friendly,friendly@yorku.ca,189,1,2,Promote tired-horses draft to its own folder; write first draft,2026-W32,2026-08-03
friendly.github.io,2fc4122afd73744b0362c9c229de2a31b5147c3d,2026-08-07T20:46:26Z,Michael Friendly,friendly@yorku.ca,28,0,2,More TODO notes on tired-horses draft; add banner image,2026-W32,2026-08-03
friendly.github.io,fd8c1b5adcd0440eb098a67e3f2636072b29b945,2026-08-08T02:16:48Z,Michael Friendly,friendly@yorku.ca,98,0,5,Images for tired-horses blog. Now working with ChatGPT / Codex on this,2026-W32,2026-08-03
friendly.github.io,095fe109ec62b31ca3ab7e93369438598929d9f3,2026-08-08T18:29:37Z,Michael Friendly,friendly@yorku.ca,167,0,1,Add hexsession embedding issue writeup for dev/ notes,2026-W32,2026-08-03
friendly.github.io,7daebdec1dbd8187f3a938509c21a5630cd25d7e,2026-08-09T19:59:40Z,Michael Friendly,friendly@yorku.ca,190,46,6,"Tired horses draft: quick fixes, intro rewrite, thought-loop diagram,…",2026-W32,2026-08-03
heplots,058079d577d7d339a35ba36a4cc78b84f37d38b2,2025-09-01T17:24:13Z,Michael Friendly,friendly@yorku.ca,82,18,6,work on plot.robmlm(),2025-W36,2025-09-01
heplots,4ff1435448b6517ab087a58b964e6ac65fd49fa0,2025-09-01T18:36:37Z,Michael Friendly,friendly@yorku.ca,4,2,2,fix groups buglet in prot.robmlm(),2025-W36,2025-09-01
heplots,9825f6bb895832fa16786d990b326a33d7328407,2025-09-12T15:58:26Z,Michael Friendly,friendly@yorku.ca,19,7,3,update etasq docs,2025-W37,2025-09-08
heplots,404413de10f1a1ad7f38c1f65a3945136829dba2,2025-09-12T16:00:02Z,Michael Friendly,friendly@yorku.ca,2,2,2,update etasq docs,2025-W37,2025-09-08
heplots,ed885d2312d85f5235c3b6d163efeb2296cead26,2025-11-10T20:42:50Z,Michael Friendly,friendly@yorku.ca,76,40,2,stuff on dev/label.ellipse ...,2025-W46,2025-11-10
heplots,870a5bce16a0f42410b8a1b306e5d735ad75558b,2025-11-10T20:43:02Z,Michael Friendly,friendly@yorku.ca,19,7,3,Merge branch 'master' of github.com:friendly/heplots,2025-W46,2025-11-10
heplots,27e7dafa40a1a0431935387a105e4d7488936d0b,2025-11-23T19:09:50Z,Michael Friendly,friendly@yorku.ca,43,1,1,update datasets vignette w SO steps,2025-W47,2025-11-17
heplots,e14ef9cf52ef4feeaec9b9b8eb85dedbfcb5eb8c,2025-11-23T19:16:14Z,Michael Friendly,friendly@yorku.ca,6,2,2,bump pkg version,2025-W47,2025-11-17
heplots,7b385300ca5f3f5210107b7465860bf38ed98a4c,2025-11-23T19:23:24Z,Michael Friendly,friendly@yorku.ca,24823,685,210,build site,2025-W47,2025-11-17
heplots,6030f0b1937e2eac8fbabc7d3e23feffa6dca472,2025-11-24T14:04:56Z,Michael Friendly,friendly@yorku.ca,1,1,1,datasets vignette,2025-W48,2025-11-24
heplots,f99556dfa63b0850bf93e3c18d04034374fcc644,2025-11-24T14:44:20Z,Michael Friendly,friendly@yorku.ca,1,1,1,manually fix docs/authors.md,2025-W48,2025-11-24
heplots,c73bee8232da22ebcb928e0fff27e0596a57394b,2025-11-28T16:52:21Z,Michael Friendly,friendly@yorku.ca,1768,1680,110,add text.usr; run roxygen2md,2025-W48,2025-11-24
heplots,6e558cc40b637849fb4882972cfd50c03060aab5,2025-11-28T16:54:13Z,Michael Friendly,friendly@yorku.ca,24948,727,215,fix merge,2025-W48,2025-11-24
heplots,cadf24e87e336abba787dd7456a4e0fdd80549b0,2025-11-28T17:33:11Z,Michael Friendly,friendly@yorku.ca,22,22,4,text.usr -> text_usr,2025-W48,2025-11-24
heplots,e94762121cd7eb39f20d5d1a01a514c6505877ff,2025-11-28T17:34:11Z,Michael Friendly,friendly@yorku.ca,1,1,1,text.usr -> text_usr,2025-W48,2025-11-24
heplots,0a3a88a613c1af415a7b590dea7be332003061f2,2025-11-28T17:52:23Z,Michael Friendly,friendly@yorku.ca,864,807,94,build pkgdown,2025-W48,2025-11-24
heplots,6b24a9d43bbcfa84ca11d71419437cc31b9b03eb,2025-11-30T21:18:27Z,Michael Friendly,friendly@yorku.ca,26,9,3,update notes re label.ellipse,2025-W48,2025-11-24
heplots,7531726e3ef32c93f975b3fc92443b9e7a087ed8,2025-11-30T21:18:43Z,Michael Friendly,friendly@yorku.ca,2630,2486,204,Merge branch 'master' of github.com:friendly/heplots,2025-W48,2025-11-24
heplots,7bd2f7a6c82089a48da6e8d1f404b6bdea11a029,2025-12-01T00:53:22Z,Michael Friendly,friendly@yorku.ca,4,1,1,distancePlot,2025-W49,2025-12-01
heplots,318ea5de7b4305d75d44b015d06edbc12d6f78ee,2025-12-01T00:59:13Z,Michael Friendly,friendly@yorku.ca,27628,2763,329,merge,2025-W49,2025-12-01
heplots,095107df7f8264ebff3afecc2e66c44ba21d2351,2025-12-01T01:03:29Z,Michael Friendly,friendly@yorku.ca,443,3,5,dev/label-ellipse/,2025-W49,2025-12-01
heplots,f35c5327b3ac0d72ef5cbe23bfcdef678937a7eb,2025-12-01T01:25:59Z,Michael Friendly,friendly@yorku.ca,5,5,3,test dev/label-ellipse,2025-W49,2025-12-01
heplots,8f1419a38bfae880abb490b117abe70ef278cc60,2025-12-01T18:59:37Z,Michael Friendly,friendly@yorku.ca,346,109,10,generalized label.pos in label.ellipse(),2025-W49,2025-12-01
heplots,e488dc1c5d75405c862f2615ae0ac0b2dcd40223,2025-12-01T19:00:47Z,Michael Friendly,friendly@yorku.ca,21,14,1,document(),2025-W49,2025-12-01
heplots,39a943a31d72738e1cf3e5dd930b323d4c29be3b,2025-12-01T19:27:28Z,Michael Friendly,friendly@yorku.ca,7,2,2,document() again,2025-W49,2025-12-01
heplots,514a88effad5579fc68f69ef7852730dc3acf562,2025-12-01T22:34:07Z,Michael Friendly,friendly@yorku.ca,83,9,4,add heplot example for label.ellipse(),2025-W49,2025-12-01
heplots,64fe2c6953aeef32adcf9943e1e5f7d1e8f4bb23,2025-12-01T22:49:34Z,Michael Friendly,friendly@yorku.ca,687,425,123,rebuild pkgdown,2025-W49,2025-12-01
heplots,047e0b615045d13b884ff4f5bb76251bf1e25a3f,2025-12-02T20:16:23Z,Michael Friendly,friendly@yorku.ca,1100,72,15,"label.ellipse returns (x,y); add label.cex to heplot()",2025-W49,2025-12-01
heplots,4ddf42e5aee2198a75fe6c9ec3bf9c39057b4bf8,2025-12-02T21:31:55Z,Michael Friendly,friendly@yorku.ca,44,12,4,fixed cex problem in heplot; added CLAUDE.md,2025-W49,2025-12-01
heplots,66bf0f0c934a091b7ba5000249e296946a9cb21d,2025-12-02T23:34:11Z,Michael Friendly,friendly@yorku.ca,116,54,4,work on dev/boxM,2025-W49,2025-12-01
heplots,bc331f36ad3ce26793d542238b2bb5ff02f2da08,2025-12-03T03:28:22Z,Michael Friendly,friendly@yorku.ca,60,0,1,add dev/GithubActions-guide.md,2025-W49,2025-12-01
heplots,3b4a8f0ca2643ed8ad5428adedec3dc68d0c1e67,2025-12-03T03:31:54Z,Michael Friendly,friendly@yorku.ca,1,1,1,manually edit docs/authors.md,2025-W49,2025-12-01
heplots,2f2e6a92dbb2442d2a8f276b06b586c755da74b0,2025-12-03T03:40:45Z,Michael Friendly,friendly@yorku.ca,445,7,5,fixed inst/CITATION,2025-W49,2025-12-01
heplots,77f6a74e8e0236fa1f7bc2c1366dc42d0baa9900,2025-12-04T19:29:54Z,Michael Friendly,friendly@yorku.ca,647,591,7,moved dev/boxM.R to R/; debugging changes,2025-W49,2025-12-01
heplots,34f079bb7f60c49b5d5329a990b84dddc83ef4d9,2025-12-04T19:30:09Z,Michael Friendly,friendly@yorku.ca,506,8,7,Merge branch 'master' of github.com:friendly/heplots,2025-W49,2025-12-01
heplots,6c40c9f736abefb726caf61907087b567bb9ba86,2025-12-04T23:03:43Z,Michael Friendly,friendly@yorku.ca,185,11,4,fixes to boxM and plot.boxM; requires testing,2025-W49,2025-12-01
heplots,c8651c9c00f3cee6f0f2324f20b4fa299104cf70,2025-12-05T16:11:14Z,Michael Friendly,friendly@yorku.ca,16,12,4,"fixed boxM(), plot.boxM()",2025-W49,2025-12-01
heplots,cb54152afae9ef46b21813c4554be13b60fecf57,2025-12-05T17:44:43Z,Michael Friendly,friendly@yorku.ca,63,21,6,try fixing error from covEllipses.boxM,2025-W49,2025-12-01
heplots,d9dc7e41dd52105ffe3204ad1ba926560b969000,2025-12-05T22:05:45Z,Michael Friendly,friendly@yorku.ca,70,49,12,fix URLs,2025-W49,2025-12-01
heplots,1366b73b46b5e4aba1af9f5c2f7dfa62ac7f9778,2025-12-06T01:28:10Z,Michael Friendly,friendly@yorku.ca,4,4,4,fix URLs,2025-W49,2025-12-01
heplots,292b631f7289faabd3aeb1af3cf4f77c4ba8c83c,2025-12-06T01:31:03Z,Michael Friendly,friendly@yorku.ca,945,648,21,fix merge,2025-W49,2025-12-01
heplots,6603e54a72ef41e11cc957ddacf973b43056f95d,2025-12-06T02:44:24Z,Michael Friendly,friendly@yorku.ca,352,0,2,issues/family-tags,2025-W49,2025-12-01
heplots,4beaa9bd0ce3f39c505ff2a5de9de891b7ac7e28,2025-12-06T19:14:49Z,Michael Friendly,friendly@yorku.ca,187,711,56,add @family tags,2025-W49,2025-12-01
heplots,2fa8a47272e402acfbabeec445b0f1f77fa41312,2025-12-06T21:32:18Z,Michael Friendly,friendly@yorku.ca,468198,3989,1771,revdep checks,2025-W49,2025-12-01
heplots,29154901681274b5cadb95d12b70aec8a2c198e4,2025-12-28T03:10:07Z,Michael Friendly,friendly@yorku.ca,0,0,4,clean up dev/ -> issues/,2025-W52,2025-12-22
heplots,fa1fca349a34621517e32e731005573f993ee097,2025-12-28T03:10:23Z,Michael Friendly,friendly@yorku.ca,468385,4700,1827,Merge branch 'master' of github.com:friendly/heplots into master,2025-W52,2025-12-22
heplots,ab6a15f5bbd25f8f637b9b83792ce9dfaeb3070b,2025-12-28T03:32:02Z,Michael Friendly,friendly@yorku.ca,11,6,1,update AskClaude,2025-W52,2025-12-22
heplots,5b4d4a86363c01a8656a2bf9cc530b98347d0040,2025-12-28T03:54:03Z,Michael Friendly,friendly@yorku.ca,1558,0,6,dev/eigstatsCI.R,2025-W52,2025-12-22
heplots,677086badfa49ef2f52a12f3b9a500ee25d46c1a,2025-12-28T21:50:09Z,Michael Friendly,friendly@yorku.ca,738,12,15,add eigstatsCI() for bootstrapped CIs; bump pkg ver,2025-W52,2025-12-22
heplots,f45b3bd8e7121e924e9703b87198f90cd2bdd048,2025-12-28T22:08:28Z,Michael Friendly,friendly@yorku.ca,157,4,10,fix R CMD check problems,2025-W52,2025-12-22
heplots,e498f9e36dbe343e9d7be44adb436f757ffac32d,2025-12-28T22:48:06Z,Michael Friendly,friendly@yorku.ca,2505,0,13,add traceCI(); analytics theory,2025-W52,2025-12-22
heplots,df3042691bd5c572c1d7b58b2b7578ed0b581198,2025-12-28T22:53:53Z,Michael Friendly,friendly@yorku.ca,2271,478,213,pkgdown,2025-W52,2025-12-22
heplots,4be00b5807d0d819685962eb65c62f4294a03648,2025-12-29T16:49:28Z,Michael Friendly,friendly@yorku.ca,546,0,1,traceCI plan,2026-W01,2025-12-29
heplots,1cb2f0f915eee572ad3e5b525913f7cbbccb3f0f,2026-01-04T15:37:22Z,Michael Friendly,friendly@yorku.ca,2,2,2,add 404,2026-W01,2025-12-29
heplots,ec4613b46bc1c83b2c5ced2e71b27bf311079bd2,2026-03-26T20:05:56Z,Michael Friendly,friendly@yorku.ca,876,0,3,notes on implementing extract_eq() for mlms,2026-W13,2026-03-23
heplots,ba201b323137d9424a2206972d9df064c6c55cd7,2026-03-26T20:10:27Z,Michael Friendly,friendly@yorku.ca,476509,5192,2077,merge claude settings,2026-W13,2026-03-23
heplots,87104e01232a935add6b728eed42087cd8cb820e,2026-03-26T21:37:08Z,Michael Friendly,friendly@yorku.ca,470,19,3,work on dev/equatiomatic.R,2026-W13,2026-03-23
heplots,aebfd41ba83ad8e9832b29b08ff9bd3c4576fe3e,2026-03-27T01:08:26Z,Michael Friendly,friendly@yorku.ca,22,0,2,testing extract_eq(),2026-W13,2026-03-23
heplots,604dffb0459f9feec5486ec8822bbadab54fed7b,2026-05-08T14:48:08Z,Michael Friendly,friendly@yorku.ca,11,4,5,add NLSY link,2026-W19,2026-05-04
heplots,2b2d7d59a2022f00796f6a822460f6de759394ee,2026-07-18T01:11:09Z,Michael Friendly,friendly@yorku.ca,70,0,1,add ry static check results,2026-W29,2026-07-13
heplots,52989d8df2c9e405a976bdf1ef58bd5f5d7a9928,2026-07-29T01:27:52Z,Michael Friendly,friendly@yorku.ca,43,0,1,Add issues/TASKS.md tracking file,2026-W31,2026-07-27
heplots,6101ac0c60f8289621dc83b98eb31840213bf2cd,2026-07-29T14:16:26Z,Michael Friendly,friendly@yorku.ca,17,2,4,Continue equatiomatic.mlm exploration notes; ignore .positai,2026-W31,2026-07-27
psy6136,5d4db96c39b297ee13265754742cca74260bed0f,2025-10-20T21:41:24Z,Michael Friendly,friendly@yorku.ca,20788,15290,63,update date; lecture1,2025-W43,2025-10-20
psy6136,cc97538f413527f80128276a0b55ce9ccc04f2e3,2025-11-05T03:04:31Z,Michael Friendly,friendly@yorku.ca,5,5,8,update date field,2025-W45,2025-11-03
psy6136,01ef43d7b36d987db4ef139a33b9ae8cf596e4eb,2025-12-11T20:09:51Z,Michael Friendly,friendly@yorku.ca,142,17,18,"update resources, about, ...",2025-W50,2025-12-08
psy6136,1ad404e51a11e1e6f6ea70468429407f5fd8b1da,2025-12-12T18:14:43Z,Michael Friendly,friendly@yorku.ca,163,120,27,"update index, resources, students, VCDR/",2025-W50,2025-12-08
psy6136,25f41b8698e57e5d377012c992a82fce84674954,2025-12-12T18:17:08Z,Michael Friendly,friendly@yorku.ca,4,9,13,update index,2025-W50,2025-12-08
psy6136,9ef94a0785d5c004e81a9959956c8ce55dcb840c,2025-12-13T19:11:22Z,Michael Friendly,friendly@yorku.ca,73,18,10,update VCDR chapters,2025-W50,2025-12-08
psy6136,9c9b8815684266cf8980a7f6e0f0df72cae650a3,2025-12-13T23:40:23Z,Michael Friendly,friendly@yorku.ca,129,73,12,try to fix links in index,2025-W50,2025-12-08
psy6136,03681c4d4b84b7237d13cf8988eacf0ec8818cd8,2025-12-14T20:42:20Z,Michael Friendly,friendly@yorku.ca,91,202,20,"work on index.Rmd, lecture 1",2025-W50,2025-12-08
psy6136,bf12247f2281f24364ace828578f6c24bed7817f,2025-12-14T20:42:56Z,Michael Friendly,friendly@yorku.ca,162,91,22,"work on index.Rmd, lecture 1",2025-W50,2025-12-08
psy6136,0775e1a42259d4e2297ab1c6df534cc44e155603,2025-12-15T16:54:38Z,Michael Friendly,friendly@yorku.ca,224,86,16,"work on index, resources, 02-Discrete",2025-W51,2025-12-15
psy6136,18e0ab3810e85b4c28f5826c415b5383f3439ca3,2025-12-16T18:23:18Z,Michael Friendly,friendly@yorku.ca,83,94166,355,try emojis,2025-W51,2025-12-15
psy6136,1682503b52fbcbd5b35e261a46f8b071bdb630d2,2025-12-18T16:46:52Z,Michael Friendly,friendly@yorku.ca,94329,19,358,work on website/lectures,2025-W51,2025-12-15
psy6136,0926c2e07708253ab722a9d609df728d6cd3092d,2025-12-23T03:26:31Z,Michael Friendly,friendly@yorku.ca,165,4,17,fixed Symbol MT,2025-W52,2025-12-22
psy6136,9ce3a88bd4a279d7754b0d0bf590b5ed4f021331,2025-12-23T20:37:26Z,Michael Friendly,friendly@yorku.ca,87,31,4,"update assign1, projects",2025-W52,2025-12-22
psy6136,b13c3fc2cc6c1c8a2084138e8ed89eb074f33c87,2025-12-24T16:51:03Z,Michael Friendly,friendly@yorku.ca,856,31,19,fix Symbol MT in lectures; draft AI-use policy,2025-W52,2025-12-22
psy6136,f4710cc6ec83205faaa6594794738f87b05fcf67,2025-12-24T17:04:38Z,Michael Friendly,friendly@yorku.ca,618,2,5,build site,2025-W52,2025-12-22
psy6136,309bbc9b9f2fbe0a85208bbf84104ad9c94bf9ce,2025-12-25T18:28:56Z,Michael Friendly,friendly@yorku.ca,7179,288,21,compile quizes,2025-W52,2025-12-22
psy6136,e780ab7e982dc376feda7c3878c6869c24e7f3b6,2025-12-25T18:32:15Z,Michael Friendly,friendly@yorku.ca,0,0,8,move CSS quizes to quiz-old,2025-W52,2025-12-22
psy6136,4855e4e572fc66c4b01ea7bc70eaa73fa3d1aa0f,2025-12-25T18:54:40Z,Michael Friendly,friendly@yorku.ca,7434,559,36,add quizes to index.Rmd,2025-W52,2025-12-22
psy6136,23cbb9ca3c15b391d74bf35ca4ecee4132f1f7c8,2025-12-26T17:18:32Z,Michael Friendly,friendly@yorku.ca,321,177,12,update index with quiz links,2025-W52,2025-12-22
psy6136,b2f2503b441531f0e7c8ae7d569c9e3a61aa3c3f,2025-12-26T19:49:44Z,Michael Friendly,friendly@yorku.ca,59634,20,100,add resources,2025-W52,2025-12-22
psy6136,37682a98c1982f415ba0e379a5f542b445884c4a,2026-01-05T02:20:00Z,Michael Friendly,friendly@yorku.ca,347,58986,108,update supp readings,2026-W02,2026-01-05
psy6136,fe851b9f28e4badb4356a7fe760bf2314e8af558,2026-01-05T22:22:22Z,Michael Friendly,friendly@yorku.ca,0,0,1,edit lecture/01-Overview,2026-W02,2026-01-05
psy6136,22996e6d2e831bc7956e1e1d4a6ec5fea42eefa8,2026-01-06T01:55:59Z,Michael Friendly,friendly@yorku.ca,2,0,1,add nestedLogit to resources,2026-W02,2026-01-05
psy6136,4220702c37083e83ef21b6cc215e90b9fc71dc58,2026-01-07T21:17:51Z,Michael Friendly,friendly@yorku.ca,0,0,8,update 01-Overview lecture slides,2026-W02,2026-01-05
psy6136,528d118f2fe0d735eca55591c9ec9227d484ee8c,2026-01-08T22:18:10Z,Michael Friendly,friendly@yorku.ca,8,2,6,add class photos,2026-W02,2026-01-05
psy6136,cd6fc8f7a1c259c6e45f3032fe7b2ad4986f2759,2026-01-09T03:28:52Z,Michael Friendly,friendly@yorku.ca,2,8,2,fix tidy cat image,2026-W02,2026-01-05
psy6136,276e720305ba5687d9c44428698259186b98c417,2026-01-09T17:54:14Z,Michael Friendly,friendly@yorku.ca,17,2,17,add link to R template in about,2026-W02,2026-01-05
psy6136,9d03ca581b8bc3a1e41c757191b2445c808695ab,2026-01-12T15:05:57Z,Michael Friendly,friendly@yorku.ca,57545,2,95,change room to 159,2026-W03,2026-01-12
psy6136,d55f68bed32fa9bc66944fdc0a8aa1037a9d98e0,2026-01-14T19:10:18Z,Michael Friendly,friendly@yorku.ca,203,57564,106,fix quiz links,2026-W03,2026-01-12
psy6136,890344c0a77e7879a7faa1ad870b8340873bcff4,2026-01-14T19:19:03Z,Michael Friendly,friendly@yorku.ca,57594,51,98,fix quiz links again,2026-W03,2026-01-12
psy6136,3a6bf1bc9f19c6121ec79854347fc68cf7177cc0,2026-01-14T20:13:49Z,Michael Friendly,friendly@yorku.ca,30,25,3,update assign/projects6136.*,2026-W03,2026-01-12
psy6136,c1d588da4f281a081484f1062e9a4313d1a48eea,2026-01-14T20:16:47Z,Michael Friendly,friendly@yorku.ca,81,57619,100,re-build web,2026-W03,2026-01-12
psy6136,7b4386f3f84a999c3c13fa787512d306087d5341,2026-01-14T23:43:47Z,Michael Friendly,friendly@yorku.ca,1,1,1,update link on README,2026-W03,2026-01-12
psy6136,c93444e6f0077d80fdc9ea626d34906513d37011,2026-01-16T01:29:50Z,Michael Friendly,friendly@yorku.ca,16,4,1,reformat quiz/02,2026-W03,2026-01-12
psy6136,04b80a952467bb509d3c06065a091c57c8f40311,2026-01-18T18:34:45Z,Michael Friendly,friendly@yorku.ca,178,141,18,update assignments,2026-W03,2026-01-12
psy6136,5c54b94e10cda69390db6f663a61332d6899640a,2026-01-22T03:39:23Z,Michael Friendly,friendly@yorku.ca,0,1,5,"update lectures 03,04",2026-W04,2026-01-19
psy6136,705443ef4f23072a7bfcb825006db7aa320251d4,2026-01-25T15:30:59Z,Michael Friendly,friendly@yorku.ca,1298,16,15,fix link to DDAR Ch 8 fixes #3,2026-W04,2026-01-19
psy6136,53b071fc32dc308ee03b35145faa651c5b06ebd3,2026-01-28T03:51:14Z,Michael Friendly,friendly@yorku.ca,3028,0,16,edit 04-Loglin; create R-functions.Rmd,2026-W05,2026-01-26
psy6136,282aae26f6b23b918446de5e5f7f9d8b59845d48,2026-01-28T16:32:26Z,Michael Friendly,friendly@yorku.ca,57716,40,105,"flesh out R-functions, add CDA_functions data",2026-W05,2026-01-26
psy6136,25be16e2286659a386e7601360a5a82ba4ef624f,2026-01-28T17:03:00Z,Michael Friendly,friendly@yorku.ca,193,57568,103,add team6136-2026 photo,2026-W05,2026-01-26
psy6136,c431f58b43ff265daf80adca598f21ef6996d635,2026-01-29T01:40:28Z,Michael Friendly,friendly@yorku.ca,66,30,5,plan for CDA functions URLs,2026-W05,2026-01-26
psy6136,3ddfc1ec0424ad5705774b09d1df5a63966068b8,2026-01-29T15:22:59Z,Michael Friendly,friendly@yorku.ca,104,46,10,edit R-functions,2026-W05,2026-01-26
psy6136,c07351eb5ff94332e159ee3c3d3f02f03301540d,2026-02-01T16:48:51Z,Michael Friendly,friendly@yorku.ca,39,6,18,add class photo,2026-W05,2026-01-26
psy6136,f424c7643cf0a95b001db117c02c481715abf346,2026-02-04T15:47:13Z,Michael Friendly,friendly@yorku.ca,95,0,6,update lecture 05; add housetasks-ex.R,2026-W06,2026-02-02
psy6136,2119cc8a4490bc89505fbf3457f9911dd3573b10,2026-02-08T20:36:30Z,Michael Friendly,friendly@yorku.ca,1228,1,6,update project1,2026-W06,2026-02-02
psy6136,6e94aaf9b83dfe30fff73198fa0e20eacc58cae4,2026-02-08T22:34:07Z,Michael Friendly,friendly@yorku.ca,1330,6,12,update website,2026-W06,2026-02-02
psy6136,35ebddb154b6d8efeefe1cff2309dac541a03981,2026-02-09T01:31:24Z,Michael Friendly,friendly@yorku.ca,3,2,3,change due date for Proj 1,2026-W07,2026-02-09
psy6136,52d83c9bc8ef24f8494d811c84c425abd43b8277,2026-02-11T23:19:18Z,Michael Friendly,friendly@yorku.ca,1070,24,6,Lecture 06-Logistic,2026-W07,2026-02-09
psy6136,e03e0d74c5c7b9418d463b4bf69c9b83b1d9c1e8,2026-02-12T15:50:43Z,Michael Friendly,friendly@yorku.ca,5,17846,59,edit lecture 06-logistic,2026-W07,2026-02-09
psy6136,eea959ba36d5440bdffb4eddb44aaa5fc42799ce,2026-02-12T19:36:32Z,Michael Friendly,friendly@yorku.ca,17846,5,56,update website,2026-W07,2026-02-09
psy6136,11d2b7c53fbc97f1b8ebceef28fc5886ae3d5001,2026-02-26T18:38:36Z,Michael Friendly,friendly@yorku.ca,377,0,8,update lecture07,2026-W09,2026-02-23
psy6136,b4160c2aa070163fdbbfc20e766bee172f13c059,2026-02-27T00:25:17Z,Michael Friendly,friendly@yorku.ca,0,0,2,update lecture pdfs,2026-W09,2026-02-23
psy6136,e452d384f6ee827fb6e6d30abc997d1d2b1c533d,2026-03-05T15:35:44Z,Michael Friendly,friendly@yorku.ca,4,0,4,update lecture 08,2026-W10,2026-03-02
psy6136,227a888ece17a11276d8a1d2874d6df6eb6548de,2026-03-10T23:35:11Z,Michael Friendly,friendly@yorku.ca,0,4,5,Lecture 09-count data,2026-W11,2026-03-09
psy6136,de84a0ad1228f04dcfde67e3ad1ba32fd0bd9b78,2026-03-11T20:04:56Z,Michael Friendly,friendly@yorku.ca,1452,27,28,re-build site; Lecture 09 stuff,2026-W11,2026-03-09
psy6136,b25b0984c6e50ec845e0c79d369e6a51fa3decf4,2026-03-11T20:16:43Z,Michael Friendly,friendly@yorku.ca,7267,1,12,ungitignore docs/notes,2026-W11,2026-03-09
psy6136,7cc2ae48f7bfea788ef4f1620d4375891da3cd6d,2026-03-13T00:45:50Z,Michael Friendly,friendly@yorku.ca,77,0,11,update lec09,2026-W11,2026-03-09
psy6136,49753e7bb4630f9d72d4805db5a7dd331bcf9686,2026-03-19T02:13:25Z,Michael Friendly,friendly@yorku.ca,0,0,2,update project 2,2026-W12,2026-03-16
psy6136,127cc9b4440ef972a17cb2d21201cd55ccb14de7,2026-03-20T15:19:14Z,Michael Friendly,friendly@yorku.ca,8,1,5,updated Proj2 description,2026-W12,2026-03-16
psy6136,187d3289a2db57ccebd7762b61c190cf93182ca4,2026-03-20T17:59:49Z,Michael Friendly,friendly@yorku.ca,2,2,2,update schedule.html,2026-W12,2026-03-16
psy6136,5caaf704493e39a0198d255d62d8930b0816d2c2,2026-03-23T19:42:09Z,Michael Friendly,friendly@yorku.ca,162,94,9,"Lecture 10, hospvisits example",2026-W13,2026-03-23
psy6136,885a50c96c87c03aa0634ab2f9f611346d940fac,2026-03-25T22:27:07Z,Michael Friendly,friendly@yorku.ca,482,1,8,lecture 10 stuff,2026-W13,2026-03-23
psy6136,f6f516fa2cc1c3543e8133edbb71f23c1552a7d7,2026-03-26T18:07:38Z,Michael Friendly,friendly@yorku.ca,717,7,17,Lecture 10 / add mice example / fix class photo,2026-W13,2026-03-23
psy6136,e20d614b1c07cc322fb5e758ed5f3c4215a92a5f,2026-04-01T18:51:37Z,Michael Friendly,friendly@yorku.ca,0,8,5,99-Summary lecture,2026-W14,2026-03-30
psy6136,bbe443a3cc4cce4961f707cff16114c30b34ad60,2026-04-01T19:39:18Z,Michael Friendly,friendly@yorku.ca,1,7555,15,Remove docs/notes/ artifacts; exclude notes/ from site build,2026-W14,2026-03-30
psy6136,ce2608647d1ddd0e8cf44378297f1d8ea018b605,2026-04-01T19:42:08Z,Michael Friendly,friendly@yorku.ca,1,1,4,update docs/lectures/99-summary*,2026-W14,2026-03-30
psy6136,f05c2185ae8bcd5622d66764c06fc34fdf2514d1,2026-04-16T19:23:50Z,Michael Friendly,friendly@yorku.ca,32,5,11,update Students page with projects,2026-W16,2026-04-13
psy6136,0a86474bd6175596e6fd5f51f0b7472e42682d79,2026-05-13T21:29:16Z,Michael Friendly,friendly@yorku.ca,53,22,21,add final projects,2026-W20,2026-05-11
psy6136,b5a7d20111eff8ed104ab3ea3ded89308dfd90b7,2026-05-14T01:47:27Z,Michael Friendly,friendly@yorku.ca,350,141,6,add final projects,2026-W20,2026-05-11
psy6136,d7400d79f9d34a75c135c88d0bddc1dfa28061cd,2026-05-14T19:46:45Z,Michael Friendly,friendly@yorku.ca,244,332,6,edit students page for Final Proj; re-build site,2026-W20,2026-05-11
vcdExtra,c8cf93170c0da4d859dc64f8ee75f84536a444c9,2025-11-09T03:33:01Z,Daniel Sabanes Bove,daniel.sabanesbove@gmx.net,118,77,6,initialize testthat and Air config,2025-W45,2025-11-03
vcdExtra,aed55bdea86a5313a0d215ed832dbef70a13d45f,2025-11-09T04:15:08Z,Daniel Sabanes Bove,daniel.sabanesbove@gmx.net,298,13,4,add example data and script how to produce it from source,2025-W45,2025-11-03
vcdExtra,e6a1b335f3842dd25274ffe3e531a441b8097458,2025-11-09T04:26:20Z,Daniel Sabanes Bove,daniel.sabanesbove@gmx.net,115,230,2,correct data example,2025-W45,2025-11-03
vcdExtra,27ead060b95ee796c0a2e64b0ddcc16eca404782,2025-11-09T04:27:27Z,Daniel Sabanes Bove,daniel.sabanesbove@gmx.net,229,111,2,and again,2025-W45,2025-11-03
vcdExtra,777edb1852918411f97a321c712b1a78c89509bf,2025-11-09T05:09:02Z,Daniel Sabanes Bove,daniel.sabanesbove@gmx.net,437,233,3,"add thorough tests for CMHtest(), use MASS::ginv for generalized inve…",2025-W45,2025-11-03
vcdExtra,4dff08e46e5126253dd434abbef69d61703f97b0,2025-11-09T06:48:30Z,Daniel Sabanes Bove,daniel.sabanesbove@gmx.net,60,9,3,automatically drop results for strata with insufficient data (less th…,2025-W45,2025-11-03
vcdExtra,5b7f89234216f3efaea326e1a1a7521bf531cc19,2025-11-18T14:56:13Z,Michael Friendly,friendly@yorku.ca,870,286,12,Merge pull request #13 from danielinteractive/master,2025-W47,2025-11-17
vcdExtra,141ec7ff886cb97052dc4b81a0923bbe753eef43,2025-11-18T15:16:05Z,Michael Friendly,friendly@yorku.ca,7,4,2,Bump pkg ver; add DS Bove as ctb,2025-W47,2025-11-17
vcdExtra,31db060ad51507c518cd8dcde45ae7051e07300e,2025-11-27T00:40:23Z,Michael Friendly,friendly@yorku.ca,1,1,1,fix Daniel Sabanes Bove name,2025-W48,2025-11-24
vcdExtra,18e065c7f4d384efa7aec9d430156a05ffff0858,2025-12-06T02:11:29Z,Michael Friendly,friendly@yorku.ca,413,0,1,issues/improvement-suggestions.md,2025-W49,2025-12-01
vcdExtra,4a27a97c14042b6919b7c767bb8a408f79ee2354,2025-12-07T16:32:26Z,Michael Friendly,friendly@yorku.ca,33,30,6,fix README; deprecate Summarize,2025-W49,2025-12-01
vcdExtra,b1b3800b4382322e03cfca2bbfcb50b6c9bb1e3d,2025-12-07T17:34:19Z,Michael Friendly,friendly@yorku.ca,4949,1,28,begin Rd2roxygen,2025-W49,2025-12-01
vcdExtra,d22c7b5f5bcb640d524f4bff6ffcfa46a749ea64,2025-12-07T18:36:21Z,Michael Friendly,friendly@yorku.ca,11846,6166,156,fix rd2roxygen blunders,2025-W49,2025-12-01
vcdExtra,af1bce019ac13a12ac5b6744dca6655d123600a0,2025-12-07T18:43:12Z,Michael Friendly,friendly@yorku.ca,25,28,1,fix rd2roxygen blunders,2025-W49,2025-12-01
vcdExtra,3d2f1765f4c69e5e8a5992e6c56c82a0771a502c,2025-12-08T15:01:35Z,Michael Friendly,friendly@yorku.ca,574,570,1,Copy R/data.R from roxygen branch,2025-W50,2025-12-08
vcdExtra,9347e44aac89d79008ac6257470dd98e4a9e284c,2025-12-08T21:50:37Z,Michael Friendly,friendly@yorku.ca,4433,834,81,extensive mods using R/ files from roxygen branch,2025-W50,2025-12-08
vcdExtra,050e7f88dfc9c781ebad31f3c40dc2163010b6c5,2025-12-08T22:31:21Z,Michael Friendly,friendly@yorku.ca,427,343,25,complete merge of roxygen into roxygenize,2025-W50,2025-12-08
vcdExtra,d2f1c358ebb39346491e921685720e7b5c7ee05b,2025-12-08T23:17:48Z,Michael Friendly,friendly@yorku.ca,50,23,5,fix some problems from check(),2025-W50,2025-12-08
vcdExtra,c5c228ca5f6e2dec4138e6974c9d87ecf918ad9d,2025-12-08T23:56:02Z,Michael Friendly,friendly@yorku.ca,6,4,4,more fixes for check(),2025-W50,2025-12-08
vcdExtra,93582a74e59569db29695703877934bccd9c652c,2025-12-09T01:14:16Z,Michael Friendly,friendly@yorku.ca,44,44,6,fix bad roxygen items in R/data.R,2025-W50,2025-12-08
vcdExtra,da3dd2be7d9dbc7f76886545150470a74438598a,2025-12-09T02:06:24Z,Michael Friendly,friendly@yorku.ca,10,9,9,fix more check() problems,2025-W50,2025-12-08
vcdExtra,92135d24de0b44d4d6cf659ccb85a5308e70c716,2025-12-09T02:31:07Z,Michael Friendly,friendly@yorku.ca,54,6,6,fix importFrom in vcdExtra-package.R,2025-W50,2025-12-08
vcdExtra,d375ba077a8c84daef03b6f1dfa46e6b925978a0,2025-12-09T03:01:35Z,Michael Friendly,friendly@yorku.ca,7,0,3,fix importFrom in vcdExtra-package.R,2025-W50,2025-12-08
vcdExtra,888c3b5130a088accb9214b4e43a3893efa0b788,2025-12-09T17:04:51Z,Michael Friendly,friendly@yorku.ca,274,243,19,fix NAMESPACE issues. Now include countreg::CrabSatellites,2025-W50,2025-12-08
vcdExtra,b5954c9459a9bebf2b684ed18d78afb296e4c973,2025-12-09T18:31:34Z,Michael Friendly,friendly@yorku.ca,163,70,7,fixes to modFit & CrabSatellites,2025-W50,2025-12-08
vcdExtra,f44f2197cf8607734250861e1c6ddbbb55c51e52,2025-12-09T19:26:56Z,Michael Friendly,friendly@yorku.ca,124,59,12,"fix examples for mosaic.glm, mosaic3d and export zero.test",2025-W50,2025-12-08
vcdExtra,63dd1dfbcd2ea023d5e9aad1a0aabf94eb4e15ea,2025-12-10T01:12:55Z,Michael Friendly,friendly@yorku.ca,10,10,5,fixed broken URLs,2025-W50,2025-12-08
vcdExtra,36da2abaa014f7a81730db901c1e88bcfc565cbe,2025-12-10T01:16:04Z,Michael Friendly,friendly@yorku.ca,2,2,2,fix logo align in vcdExtra-package,2025-W50,2025-12-08
vcdExtra,a25ffe09ce4e2424c4c184f5a3877581627aa6e8,2025-12-10T01:28:29Z,Michael Friendly,friendly@yorku.ca,14,8,2,"update NEWS, cran-comments",2025-W50,2025-12-08
vcdExtra,c305c0403df849d58a10be4f19637c45995b9369,2025-12-10T02:31:36Z,Daniel Sabanes Bove,daniel.sabanesbove@gmx.net,14,22,1,"update test doc with new results, all ok",2025-W50,2025-12-08
vcdExtra,f2665d93ccfbf45019def7a96dc764dfb677356a,2025-12-10T02:34:13Z,Daniel Sabanes Bove,daniel.sabanesbove@gmx.net,4,4,2,just a linebreak,2025-W50,2025-12-08
vcdExtra,51b7fdb8b51cadf72a822913859d9aa5dc287053,2025-12-10T02:44:59Z,Michael Friendly,friendly@yorku.ca,2,2,2,fix URL,2025-W50,2025-12-08
vcdExtra,48ead2880b0117a1c8bace1cc7ec0d26f498744a,2025-12-10T14:45:26Z,Michael Friendly,friendly@yorku.ca,18,26,3,Merge pull request #16 from friendly/15_roxygen_cmhtest,2025-W50,2025-12-08
vcdExtra,561fca35f638e639b12b1b630914cec0252b8ad7,2025-12-10T16:31:07Z,Michael Friendly,friendly@yorku.ca,244,32,23,add @family tags to docs,2025-W50,2025-12-08
vcdExtra,f06626da8b677db786b32bfa7bbf4dae42100ec2,2025-12-10T18:01:56Z,Michael Friendly,friendly@yorku.ca,65,51,10,more @family tags,2025-W50,2025-12-08
vcdExtra,969c365b36aecbee859961e0161dfff387dcfa21,2025-12-10T18:35:58Z,Michael Friendly,friendly@yorku.ca,33443,4430,324,build pkgdown,2025-W50,2025-12-08
vcdExtra,a3495fd7d27eb4a247fb19b32877b53b33bfadbd,2025-12-10T21:15:32Z,Michael Friendly,friendly@yorku.ca,17,21,6,"tweak DESCRIPTION, NEWS, README",2025-W50,2025-12-08
vcdExtra,2084dd6ee648bb2492903b10f2f9449427dc147c,2025-12-10T22:10:09Z,Michael Friendly,friendly@yorku.ca,540,321,53,use roxygen2md & cleanup loglin-utilities,2025-W50,2025-12-08
vcdExtra,d6c1d83d9b3748340dcc434c022cbc08268f11d0,2025-12-10T22:27:08Z,Michael Friendly,friendly@yorku.ca,814,819,62,run roxygen2md(scope = simple),2025-W50,2025-12-08
vcdExtra,8504463c214f338f59f7c37821f329f753d99458,2025-12-10T22:43:15Z,Michael Friendly,friendly@yorku.ca,10,13,5,tweak some documentation,2025-W50,2025-12-08
vcdExtra,9a8e5e8e85f902fa7c6ce25a65e30f6070fc7dcd,2025-12-11T00:43:05Z,Michael Friendly,friendly@yorku.ca,184,168,12,fix roxygen2md glitches,2025-W50,2025-12-08
vcdExtra,a56d0100185ea3d7a15f19a007696c3b12f68921,2025-12-11T00:54:31Z,Michael Friendly,friendly@yorku.ca,34910,5462,412,fix merge,2025-W50,2025-12-08
vcdExtra,45c6cb05e42e6b82830f06e3c5edba393f97c359,2025-12-11T02:02:03Z,Michael Friendly,friendly@yorku.ca,874,855,139,rebuild pkgdown,2025-W50,2025-12-08
vcdExtra,17a6019c51e0a963d19cce7c10d392895e4d0fb0,2025-12-17T00:06:45Z,Michael Friendly,friendly@yorku.ca,194,0,3,extra/woolf_test stuff,2025-W51,2025-12-15
vcdExtra,f526dce638386f17dff8661fb810e6b8f284214f,2025-12-17T01:50:04Z,Michael Friendly,friendly@yorku.ca,550,9,3,extra/vcd-extensions,2025-W51,2025-12-15
vcdExtra,b8ab9a72f54e5864c99830625b56ffa356916ad3,2025-12-17T01:54:23Z,Michael Friendly,friendly@yorku.ca,11,6,2,extra/vcd-extensions,2025-W51,2025-12-15
vcdExtra,fae56501a131ced803dc444a6c5c630f73a806b5,2025-12-17T20:31:41Z,Michael Friendly,friendly@yorku.ca,690,77,5,vcd-extensions-- concept tags,2025-W51,2025-12-15
vcdExtra,f2804114fa19edf55b0c972a40cce46b37e22b14,2025-12-17T23:01:17Z,Michael Friendly,friendly@yorku.ca,295,37,4,bump pkg ver; describe vcd/CDA extensions,2025-W51,2025-12-15
vcdExtra,ec8e61277ded177bb5e17e2c3a2e136fd371f239,2025-12-18T01:57:48Z,Michael Friendly,friendly@yorku.ca,1024,0,4,vcd-extensions / CDA-task-view,2025-W51,2025-12-15
vcdExtra,3edf5886b1d04567f336c7464e328a8dedf849c4,2025-12-18T16:01:32Z,Michael Friendly,friendly@yorku.ca,0,0,1,tidyCat logo,2025-W51,2025-12-15
vcdExtra,c3128873c4fa713c1ad60ec3f4674e9c81731e5e,2025-12-18T16:07:50Z,Michael Friendly,friendly@yorku.ca,98,49,6,datasets: added ndim arg,2025-W51,2025-12-15
vcdExtra,566b0aa6a9f8eeb427f48e250cb6b731ddba0e73,2025-12-18T16:08:02Z,Michael Friendly,friendly@yorku.ca,0,0,1,Merge branch 'master' of https://github.com/friendly/vcdExtra,2025-W51,2025-12-15
vcdExtra,8d7f1064ef0bd6c0eb182b3949d1a7d15ee01636,2025-12-18T20:59:42Z,Michael Friendly,friendly@yorku.ca,403,25,8,complete extra/woolf_test stuff; edit vcd-extensions,2025-W51,2025-12-15
vcdExtra,fe9b64bc6128e9b1e73b174028921c027e0a32bf,2025-12-18T21:03:06Z,Michael Friendly,friendly@yorku.ca,6,6,2,complete edit vcd-extensions,2025-W51,2025-12-15
vcdExtra,9fe3a22354e328af3fc37fd0a9b1848c640713b3,2025-12-18T22:34:33Z,Michael Friendly,friendly@yorku.ca,29,8,4,edit vcd-extensions,2025-W51,2025-12-15
vcdExtra,869bca1a6d2479fde6d5504c5585e0df80f4ff04,2025-12-19T00:38:45Z,Michael Friendly,friendly@yorku.ca,7,7,2,vcd-extensions,2025-W51,2025-12-15
vcdExtra,6dd0b3845f03f7cb41913b8456a999a8ca0ffa02,2025-12-19T00:39:01Z,Michael Friendly,friendly@yorku.ca,528,80,12,Merge branch 'master' of github.com:friendly/vcdExtra into master,2025-W51,2025-12-15
vcdExtra,73a67bf1c1631f1ceadcd9927877416c16bf70f4,2025-12-19T03:45:04Z,Michael Friendly,friendly@yorku.ca,185,0,1,vgam-lvplot-ex,2025-W51,2025-12-15
vcdExtra,6ccb1b857c3f9b60a3532c782290af4a185aaf29,2025-12-22T16:32:15Z,Michael Friendly,friendly@yorku.ca,5,14,2,update README,2025-W52,2025-12-22
vcdExtra,dc6e8583280c8c7759831e1a38508e28ee48ad9f,2025-12-22T16:32:28Z,Michael Friendly,friendly@yorku.ca,190,5,3,Merge branch 'master' of https://github.com/friendly/vcdExtra,2025-W52,2025-12-22
vcdExtra,c24d863b7567f2b4c997d0dc21246c7d35e34a85,2025-12-22T16:35:54Z,Michael Friendly,friendly@yorku.ca,95,0,1,added rhub workflow,2025-W52,2025-12-22
vcdExtra,df8168e3f680eabd808f1428c426810c9a905181,2025-12-22T17:04:17Z,Michael Friendly,friendly@yorku.ca,398,138,11,woolf_test now in R/,2025-W52,2025-12-22
vcdExtra,f3bfdc5cc189eed1390027e30ffc967983cc06a9,2025-12-22T17:24:56Z,Michael Friendly,friendly@yorku.ca,48,0,1,Add pkgdown github actions workflow,2025-W52,2025-12-22
vcdExtra,3041419c54bdc34c93e4a7dc68da0c42d24a956f,2025-12-22T17:47:28Z,Michael Friendly,friendly@yorku.ca,70,2,7,add R-CMD-check workflow,2025-W52,2025-12-22
vcdExtra,b58c6cbde292cc329fc37534eba9e7fbc5843580,2025-12-22T17:51:57Z,Michael Friendly,friendly@yorku.ca,0,0,1,restored man/figures/logo.png,2025-W52,2025-12-22
vcdExtra,f4db9b430ffd733cef7fffb90d2347ef936d2c83,2025-12-22T17:57:44Z,Michael Friendly,friendly@yorku.ca,1,0,1,add woolf_test to pkgdown,2025-W52,2025-12-22
vcdExtra,9a0780e0f8f9976b97dd2ed1315b5116e4950e50,2025-12-22T18:13:12Z,friendly,friendly@users.noreply.github.com,2130,79258,774,Update pkgdown site (GHA),2025-W52,2025-12-22
vcdExtra,f6b273ae2060ec36c1b2ff806eac984de4343648,2025-12-22T23:38:10Z,Michael Friendly,friendly@yorku.ca,0,0,1,move R-CMD-checl.yaml to issues/ cause run-fail,2025-W52,2025-12-22
vcdExtra,fea21c001408a08b362c6e43cd1385fa71b617bd,2025-12-22T23:42:28Z,friendly,friendly@users.noreply.github.com,4,4,2,Update pkgdown site (GHA),2025-W52,2025-12-22
vcdExtra,198f464e679ffb335473e99bbc6b372b97bd021d,2025-12-23T00:09:02Z,Michael Friendly,friendly@yorku.ca,201,7,1,try to fix git,2025-W52,2025-12-22
vcdExtra,62550a1caf784c2a05ffe0f01aeaf4846c791253,2025-12-23T00:09:22Z,Michael Friendly,friendly@yorku.ca,4,4,2,Merge branch 'master' of github.com:friendly/vcdExtra into master,2025-W52,2025-12-22
vcdExtra,da651d9db0da7fafb3ed79179427b9f27e732e8d,2025-12-23T00:13:57Z,friendly,friendly@users.noreply.github.com,20,214,12,Update pkgdown site (GHA),2025-W52,2025-12-22
vcdExtra,5ea5e71c95f3930527f875b8e37b8466bd04f248,2025-12-23T01:31:41Z,Michael Friendly,friendly@yorku.ca,16,56,2,edit loglin-utilities,2025-W52,2025-12-22
vcdExtra,25b5be7051407a15d8a8b37c1c51dcf280bc214e,2025-12-23T01:32:00Z,Michael Friendly,friendly@yorku.ca,20,214,12,Merge branch 'master' of github.com:friendly/vcdExtra into master,2025-W52,2025-12-22
vcdExtra,fadcb61edeca59c8b8b15af4d13676891f52d0d7,2025-12-23T01:36:40Z,friendly,friendly@users.noreply.github.com,4,4,2,Update pkgdown site (GHA),2025-W52,2025-12-22
vcdExtra,483b8846ebab6900f60ef23457cc9cfd8928ccbf,2026-01-19T22:40:30Z,Michael Friendly,friendly@yorku.ca,1228,631,122,further documentation of woolf_test,2026-W04,2026-01-19
vcdExtra,31148796813b30b602c5a31323582d6ba9574981,2026-01-19T22:46:28Z,Michael Friendly,friendly@yorku.ca,923,74757,667,"Merge remote changes, resolve pkgdown conflicts with local build",2026-W04,2026-01-19
vcdExtra,ed68b1680ded6eb6118a828ab2946004fe4cc476,2026-01-19T22:51:34Z,Michael Friendly,friendly@yorku.ca,201,7,1,Update Logseries.html from pkgdown build,2026-W04,2026-01-19
vcdExtra,af4fd6d5a38960e2019de023d07ae2e44b2d36aa,2026-01-19T22:56:18Z,friendly,friendly@users.noreply.github.com,393,4283,103,Update pkgdown site (GHA),2026-W04,2026-01-19
vcdExtra,258db8df9fac90749ef15ae60d7d14b584c4bc2d,2026-01-19T23:01:08Z,Michael Friendly,friendly@yorku.ca,3,13,2,Add .claude/ to gitignore and untrack local settings,2026-W04,2026-01-19
vcdExtra,207bbb10e50a23e0fe2b6faafb7ef56f4f74d2a2,2026-01-19T23:02:37Z,Michael Friendly,friendly@yorku.ca,393,4283,103,Merge branch 'master' of https://github.com/friendly/vcdExtra,2026-W04,2026-01-19
vcdExtra,90753cd040794b23fc756fd52a636b02dc519b7b,2026-01-19T23:07:52Z,friendly,friendly@users.noreply.github.com,4,4,2,Update pkgdown site (GHA),2026-W04,2026-01-19
vcdExtra,f8967a632b90ec4589733466677b2eafc06f8cf8,2026-01-19T23:16:54Z,Michael Friendly,friendly@yorku.ca,12,13,3,now Depends: R (>= 4.1.0),2026-W04,2026-01-19
vcdExtra,d50a43ef627fc502c1bb12435d31f4ee1a3bc470,2026-01-19T23:17:11Z,Michael Friendly,friendly@yorku.ca,4,4,2,Merge branch 'master' of https://github.com/friendly/vcdExtra,2026-W04,2026-01-19
vcdExtra,dd2439a9b7ff52c49f1745c6008b812d09f9ba7f,2026-01-19T23:21:55Z,friendly,friendly@users.noreply.github.com,8,5,5,Update pkgdown site (GHA),2026-W04,2026-01-19
vcdExtra,5b9a5a83ad38ba38a478066604947d803c7db171,2026-01-19T23:40:02Z,Michael Friendly,friendly@yorku.ca,5,4,4,fix some broken URLs in R/data.R,2026-W04,2026-01-19
vcdExtra,04b8743b102d88f50bbe95590abba48f5cbc3c69,2026-01-19T23:40:21Z,Michael Friendly,friendly@yorku.ca,8,5,5,Merge branch 'master' of https://github.com/friendly/vcdExtra,2026-W04,2026-01-19
vcdExtra,8122242f0f76f4daef237d10340a964fb409eeb0,2026-01-19T23:44:56Z,friendly,friendly@users.noreply.github.com,12,9,9,Update pkgdown site (GHA),2026-W04,2026-01-19
vcdExtra,54073fc7003c8350ddf583d472e669b37187af5e,2026-01-20T15:38:28Z,Michael Friendly,friendly@yorku.ca,7,6,4,fix broken ddar image in README,2026-W04,2026-01-19
vcdExtra,9da0b843b725df8ddc059920466d3fac16b120c5,2026-01-20T15:38:47Z,Michael Friendly,friendly@yorku.ca,12,9,9,Merge branch 'master' of https://github.com/friendly/vcdExtra,2026-W04,2026-01-19
vcdExtra,4bc593b78813c76e87129cc46371103a4a76e90f,2026-01-20T17:40:31Z,Michael Friendly,friendly@yorku.ca,82,30,5,Update README with ver info; remove docs/ from .gitignore,2026-W04,2026-01-19
vcdExtra,bee2b46459e6a51f4a6ac68e38e8d4b13a9a7bc1,2026-01-20T17:47:43Z,friendly,friendly@users.noreply.github.com,195,58,16,Update pkgdown site (GHA),2026-W04,2026-01-19
vcdExtra,3ebfb95bc75505a4ccd0d17f38396196c848cff9,2026-01-20T18:05:25Z,Michael Friendly,friendly@yorku.ca,6,4,2,edit README,2026-W04,2026-01-19
vcdExtra,dd6bde6d66cc6d714f68080ee31b2c58922b4fff,2026-01-20T18:05:53Z,Michael Friendly,friendly@yorku.ca,195,58,16,Merge branch 'master' of https://github.com/friendly/vcdExtra,2026-W04,2026-01-19
vcdExtra,ab73e89ce912f7698d4928dc9a7d5f2901e25a7d,2026-01-20T18:11:33Z,friendly,friendly@users.noreply.github.com,21,12,6,Update pkgdown site (GHA),2026-W04,2026-01-19
vcdExtra,3541b451563896086fab1f50bb40080c84a982e3,2026-01-20T18:16:14Z,Michael Friendly,friendly@yorku.ca,0,8,1,Remove duplicate Logseries.html (case conflict with logseries.html on…,2026-W04,2026-01-19
vcdExtra,b57d42a08971491a3d2e845245c2759477c2afca,2026-01-20T18:17:12Z,Michael Friendly,friendly@yorku.ca,21,12,6,Merge branch 'master' of https://github.com/friendly/vcdExtra,2026-W04,2026-01-19
vcdExtra,67cdc752a8e8f1aefdc765786d8963d0b6ef247c,2026-01-20T18:22:47Z,friendly,friendly@users.noreply.github.com,12,4,3,Update pkgdown site (GHA),2026-W04,2026-01-19
vcdExtra,c2a03a90ded6a2b868e31f89f0dd580e175c7ef1,2026-01-20T19:53:38Z,Michael Friendly,friendly@yorku.ca,6,0,1,Add MathJax to pkgdown for equation rendering,2026-W04,2026-01-19
vcdExtra,f00423e5ddcd6622aaa64f18eda32fb4c3fcb54d,2026-01-20T19:54:51Z,Michael Friendly,friendly@yorku.ca,12,4,3,Merge branch 'master' of https://github.com/friendly/vcdExtra,2026-W04,2026-01-19
vcdExtra,bed052bb892bfb1fc97c84fbcce1883609db6229,2026-01-20T19:59:54Z,friendly,friendly@users.noreply.github.com,109,98,95,Update pkgdown site (GHA),2026-W04,2026-01-19
vcdExtra,75c114495d0b408a0e325882c546aada46869d24,2026-01-21T14:23:08Z,Michael Friendly,friendly@yorku.ca,3,1,1,Fix pkgdown workflow detached HEAD issue,2026-W04,2026-01-19
vcdExtra,3873aa57a4768577f8ad58f646b09fd2e2cce283,2026-01-21T17:06:39Z,Michael Friendly,friendly@yorku.ca,109,98,95,Merge branch 'master' of https://github.com/friendly/vcdExtra,2026-W04,2026-01-19
vcdExtra,cb8cac2ab5e90a89be82d1f0fa7a4b133c6f4cc4,2026-01-21T17:36:18Z,Michael Friendly,friendly@yorku.ca,3,2,1,Fix pkgdown workflow: commit before pull,2026-W04,2026-01-19
vcdExtra,06eb7d485d8dc547018738a17b0a738c2cdc7526,2026-01-21T17:41:36Z,friendly,friendly@users.noreply.github.com,31,29,18,Update pkgdown site (GHA),2026-W04,2026-01-19
vcdExtra,eae0ba7a819680cfcd59935290fbd4d2bce2493e,2026-01-22T21:58:53Z,Michael Friendly,friendly@yorku.ca,251,0,1,add dev/labeling_points-plan.md,2026-W04,2026-01-19
vcdExtra,507e65cc881372023576924f705e0e9cdd122dc4,2026-01-22T22:04:01Z,friendly,friendly@users.noreply.github.com,13,13,11,Update pkgdown site (GHA),2026-W04,2026-01-19
vcdExtra,94a12bf8b57e4a819488a1755a627005ebc72c34,2026-01-23T03:33:49Z,Michael Friendly,friendly@yorku.ca,255,251,2,edit labeling points plan,2026-W04,2026-01-19
vcdExtra,a41cd685dac0e5f080c046b6cb3e2f4b77fea9cf,2026-01-23T03:39:22Z,friendly,friendly@users.noreply.github.com,13,13,11,Update pkgdown site (GHA),2026-W04,2026-01-19
vcdExtra,d0b575bbfeaf09e4f4b5d2d4b58368c749b10b16,2026-01-23T15:47:51Z,Michael Friendly,friendly@yorku.ca,1621,1432,334,re-buld pkgdown using mathjax,2026-W04,2026-01-19
vcdExtra,7bd7dbf32aed7e7a55fd1629ab88e917dd08bcc5,2026-01-23T15:52:59Z,friendly,friendly@users.noreply.github.com,733,532,326,Update pkgdown site (GHA),2026-W04,2026-01-19
vcdExtra,f62064244b9eb9b4a4f5cbdeb03aef7a03ecdb57,2026-01-23T21:31:33Z,Michael Friendly,friendly@yorku.ca,471,4,8,added labeling_points(),2026-W04,2026-01-19
vcdExtra,a5aeabddb72c39680116981e9edc66ea22ea42af,2026-01-23T21:31:49Z,Michael Friendly,friendly@yorku.ca,733,532,326,Merge branch 'master' of https://github.com/friendly/vcdExtra,2026-W04,2026-01-19
vcdExtra,93dd6c4c4eec5b5567205359162ad3c9918c2b57,2026-01-23T22:24:50Z,Michael Friendly,friendly@yorku.ca,38,25,5,edit some demos,2026-W04,2026-01-19
vcdExtra,f37eabfb517778dbe032d5e88cff16bc2b1e4b6d,2026-01-24T01:27:28Z,Michael Friendly,friendly@yorku.ca,33791,33561,446,build pkgdown,2026-W04,2026-01-19
vcdExtra,ed3502f03ebc9ea32da44bf3db943119be0b11eb,2026-01-24T01:32:56Z,friendly,friendly@users.noreply.github.com,33846,33651,444,Update pkgdown site (GHA),2026-W04,2026-01-19
vcdExtra,fc742a4108510681f8871d88e879577250df8a51,2026-01-24T02:09:16Z,Michael Friendly,friendly@yorku.ca,0,0,21,reorganize extra/,2026-W04,2026-01-19
vcdExtra,204cd72f4b7cf5a05085adeda9aeb9dd5df450bc,2026-01-24T02:09:41Z,Michael Friendly,friendly@yorku.ca,33846,33651,444,Merge branch 'master' of github.com:friendly/vcdExtra into master,2026-W04,2026-01-19
vcdExtra,9d36ff71b9bd651da75b51ebbb3323386f3ee938,2026-01-24T02:15:03Z,friendly,friendly@users.noreply.github.com,4,4,2,Update pkgdown site (GHA),2026-W04,2026-01-19
vcdExtra,dfecc3e966a46a6ad0567ade6747779a4a8ac78b,2026-01-24T02:46:17Z,Michael Friendly,friendly@yorku.ca,245,229,2,update labeling_points examples,2026-W04,2026-01-19
vcdExtra,1915f417e86754029cc0d1de6ea4fb101d59ce31,2026-01-24T02:47:08Z,Michael Friendly,friendly@yorku.ca,4,4,2,Merge branch 'master' of github.com:friendly/vcdExtra into master,2026-W04,2026-01-19
vcdExtra,e76f86c2accb1f978559f88c79b2acbbdfffaac5,2026-01-24T02:52:44Z,friendly,friendly@users.noreply.github.com,46,25,13,Update pkgdown site (GHA),2026-W04,2026-01-19
vcdExtra,38b7bbfde13ddcacb65a94aa77a18bba58f44d4b,2026-01-24T20:30:10Z,Michael Friendly,friendly@yorku.ca,65,34,6,Changed defaults for clip and margin,2026-W04,2026-01-19
vcdExtra,8517ea0a4add6d61570ac7315c0db8abdcc6d62f,2026-01-24T20:34:37Z,friendly,friendly@users.noreply.github.com,44,31,14,Update pkgdown site (GHA),2026-W04,2026-01-19
vcdExtra,1e84312c2bbd3aae993ed33c09e524adae608278,2026-01-24T21:17:06Z,Michael Friendly,friendly@yorku.ca,26,54,10,add @concept 3D; reorganize issues/ files,2026-W04,2026-01-19
vcdExtra,04eafef90ab4416351cafa115d8ad72614b28e78,2026-01-24T21:18:01Z,Michael Friendly,friendly@yorku.ca,44,31,14,Merge branch 'master' of https://github.com/friendly/vcdExtra,2026-W04,2026-01-19
vcdExtra,b49483a3dcd7c9edbd7f9e6c121cbd30bf6a1166,2026-01-24T23:53:46Z,Michael Friendly,friendly@yorku.ca,41,5,3,README / density-displays notes,2026-W04,2026-01-19
vcdExtra,235f81784baa9cf4a617649caffcd1cfcf9aff58,2026-01-24T23:58:56Z,friendly,friendly@users.noreply.github.com,45,16,8,Update pkgdown site (GHA),2026-W04,2026-01-19
vcdExtra,3209ac9eff6755a894ec146b3a262157e8e3e4fa,2026-01-25T19:44:23Z,Michael Friendly,friendly@yorku.ca,848,8,20, Added color_table(),2026-W04,2026-01-19
vcdExtra,f4bfbe67a89934c3090af670bce5872403fab156,2026-01-25T19:44:43Z,Michael Friendly,friendly@yorku.ca,45,16,8,Merge branch 'master' of https://github.com/friendly/vcdExtra,2026-W04,2026-01-19
vcdExtra,33f1244d45dc78f3e910cca4eef6f8b6891dde09,2026-01-25T19:59:26Z,Michael Friendly,friendly@yorku.ca,14,7,2,add color_table to pkgdown,2026-W04,2026-01-19
vcdExtra,9b2d7f2d68df922031160027ce4b717df31e8d90,2026-01-25T20:06:48Z,friendly,friendly@users.noreply.github.com,373,8904,51,Update pkgdown site (GHA),2026-W04,2026-01-19
vcdExtra,ee957fb805d4ef13cdd9f28ac3659d6120fcd5a4,2026-01-25T20:56:48Z,Michael Friendly,friendly@yorku.ca,11,208,2,note bug in color_table,2026-W04,2026-01-19
vcdExtra,70310dc55a5b45dfe6b01cd5b121480b7ce0acf9,2026-01-25T21:01:00Z,friendly,friendly@users.noreply.github.com,208,8,2,Update pkgdown site (GHA),2026-W04,2026-01-19
vcdExtra,130b97fefed4fdb2ce6dd565431433e10380a1ad,2026-01-25T21:08:14Z,Michael Friendly,friendly@yorku.ca,3,0,3,add note re: gtsave,2026-W04,2026-01-19
vcdExtra,4a28370bbce717dcac2bc1f817865a8e3fe57c08,2026-01-25T21:08:36Z,Michael Friendly,friendly@yorku.ca,208,8,2,Merge branch 'master' of https://github.com/friendly/vcdExtra,2026-W04,2026-01-19
vcdExtra,db923141f0be0094022854bed8b722f0fc5c3089,2026-01-25T21:13:15Z,friendly,friendly@users.noreply.github.com,1,1,1,Update pkgdown site (GHA),2026-W04,2026-01-19
vcdExtra,28b7794ac27ed4d59b75a513f0767957474a5b4a,2026-01-25T21:19:17Z,Michael Friendly,friendly@yorku.ca,6,3,2,add Folow on BlueSky badge,2026-W04,2026-01-19
vcdExtra,b7ae598b04485e4cd1e917a9ff186533bd5859c4,2026-01-25T21:19:28Z,Michael Friendly,friendly@yorku.ca,1,1,1,Merge branch 'master' of https://github.com/friendly/vcdExtra,2026-W04,2026-01-19
vcdExtra,0c340b3d8fb4be3e05c9ce3334f0be894804fd35,2026-01-25T21:24:04Z,friendly,friendly@users.noreply.github.com,12,14,5,Update pkgdown site (GHA),2026-W04,2026-01-19
vcdExtra,8600fcc76cf5e7c9dc8995ea9b2e78923c604aae,2026-01-26T00:00:47Z,Michael Friendly,friendly@yorku.ca,50,10,1,more work on color_table,2026-W05,2026-01-26
vcdExtra,e9741c194898dae50d29fab4b59022dc70c0469a,2026-01-26T00:01:19Z,Michael Friendly,friendly@yorku.ca,12,14,5,Merge branch 'master' of https://github.com/friendly/vcdExtra,2026-W05,2026-01-26
vcdExtra,3318c5281aee1135a9eb996701c3972f271dc054,2026-01-26T00:06:02Z,friendly,friendly@users.noreply.github.com,10,10,10,Update pkgdown site (GHA),2026-W05,2026-01-26
vcdExtra,c5530583beba08cb59ef468f68e93fa858d5c713,2026-01-26T02:12:22Z,Michael Friendly,friendly@yorku.ca,436,388,3,add filename= arg to color_table,2026-W05,2026-01-26
vcdExtra,4cbe75746fd8886f4088266b4a3f36da2dd62825,2026-01-26T02:17:18Z,friendly,friendly@users.noreply.github.com,57,4,4,Update pkgdown site (GHA),2026-W05,2026-01-26
vcdExtra,07308d85fcd0aca7f212d9d625b7c46912721f9c,2026-01-26T03:23:39Z,Michael Friendly,friendly@yorku.ca,1296,376,4,refactor color_table as S3 methods,2026-W05,2026-01-26
vcdExtra,832426b4d75dce98443b5b282bce10b2835f0906,2026-01-26T03:24:12Z,Michael Friendly,friendly@yorku.ca,57,4,4,Merge branch 'master' of github.com:friendly/vcdExtra into master,2026-W05,2026-01-26
vcdExtra,cf0efe666fd736f105afd589945a1fec1f56bb33,2026-01-26T03:29:45Z,friendly,friendly@users.noreply.github.com,5,2,4,Update pkgdown site (GHA),2026-W05,2026-01-26
vcdExtra,1bfc88f97f2dd625186dc563a2fbace08f11c450,2026-01-26T14:52:22Z,Michael Friendly,friendly@yorku.ca,8,8,1,tweak icons imn color_table.R,2026-W05,2026-01-26
vcdExtra,de1bac8b92399b877b19528ee7625821c9f616f4,2026-01-26T14:59:50Z,Michael Friendly,friendly@yorku.ca,1431,407,22,fix bad merge,2026-W05,2026-01-26
vcdExtra,d0d5025caf9659b823b352b7557e98c1e16aa3b0,2026-01-26T17:09:25Z,Michael Friendly,friendly@yorku.ca,1073,131,8,re-factored color_table; edits to demo files,2026-W05,2026-01-26
vcdExtra,97fd7272b6fffc0cc819ab6f219b9075869ead86,2026-01-26T17:14:56Z,friendly,friendly@users.noreply.github.com,260,36,14,Update pkgdown site (GHA),2026-W05,2026-01-26
vcdExtra,c9fa01278c5661d862dc5e0eb7bb9fa7803d926c,2026-01-26T20:21:24Z,Michael Friendly,friendly@yorku.ca,148,718,18,print msg for color_table; cleanup,2026-W05,2026-01-26
vcdExtra,daeaf505a527615108e03388a59d61e75077cdb5,2026-01-26T20:21:55Z,Michael Friendly,friendly@yorku.ca,260,36,14,Merge branch 'master' of https://github.com/friendly/vcdExtra,2026-W05,2026-01-26
vcdExtra,724c437a6614a06a8480b979dc8b3288845dc3b8,2026-01-26T20:26:56Z,friendly,friendly@users.noreply.github.com,112,57,13,Update pkgdown site (GHA),2026-W05,2026-01-26
vcdExtra,23a63ba85ff95e40ffe447015849095216d43a36,2026-01-26T21:55:50Z,Michael Friendly,friendly@yorku.ca,136,45,3,Now provide color_table(values =),2026-W05,2026-01-26
vcdExtra,7bbaa8d5c82ef2b59a9e2947809c5445169f7f79,2026-01-26T21:56:07Z,Michael Friendly,friendly@yorku.ca,112,57,13,Merge branch 'master' of https://github.com/friendly/vcdExtra,2026-W05,2026-01-26
vcdExtra,18b67fd8efe21847611b447e5791e79f42da7752,2026-01-26T22:01:05Z,friendly,friendly@users.noreply.github.com,86,32,6,Update pkgdown site (GHA),2026-W05,2026-01-26
vcdExtra,4bf1da609407632ac80f3f5bda092c22bfa6b51b,2026-01-27T01:07:29Z,Michael Friendly,friendly@yorku.ca,31,16,4,add legend = 'note',2026-W05,2026-01-26
vcdExtra,ed9b744d116ba804088992e053534391b177a935,2026-01-27T01:11:48Z,friendly,friendly@users.noreply.github.com,13,11,13,Update pkgdown site (GHA),2026-W05,2026-01-26
vcdExtra,204ad5ac90d0000bd775d7e7c3dcf294b87780e0,2026-01-27T02:17:37Z,Michael Friendly,friendly@yorku.ca,446,446,4,change pkg logo,2026-W05,2026-01-26
vcdExtra,2b6778bdf34894b2d0f1e2da25e1295101f05855,2026-01-27T02:17:53Z,Michael Friendly,friendly@yorku.ca,13,11,13,Merge branch 'master' of github.com:friendly/vcdExtra into master,2026-W05,2026-01-26
vcdExtra,ba57396101d17fb817ab5efa771016d3afd1d51a,2026-01-27T02:24:08Z,friendly,friendly@users.noreply.github.com,1,1,5,Update pkgdown site (GHA),2026-W05,2026-01-26
vcdExtra,b61ca9511a01fe519b25aa8428acc0c02a2bacae,2026-01-27T02:43:27Z,Michael Friendly,friendly@yorku.ca,327,323,2,mention color_table() in README,2026-W05,2026-01-26
vcdExtra,e0187b4c8107b09e396357648d9d2ab0f3f5ebac,2026-01-27T02:43:33Z,Michael Friendly,friendly@yorku.ca,1,1,5,Merge branch 'master' of github.com:friendly/vcdExtra into master,2026-W05,2026-01-26
vcdExtra,d32dfd7ee254c32027484ca147c4a72e715dde15,2026-01-27T02:48:23Z,friendly,friendly@users.noreply.github.com,13,2,5,Update pkgdown site (GHA),2026-W05,2026-01-26
vcdExtra,15c63222a27f72f6b6798f41528c0a7eaedcdf24,2026-01-27T14:52:28Z,Michael Friendly,friendly@yorku.ca,3,2,1,edit arg descriptions in color_table,2026-W05,2026-01-26
vcdExtra,64056d0d2b5c84e39636bff3b2100415c6a93a9f,2026-01-27T15:21:39Z,Michael Friendly,friendly@yorku.ca,942,847,32,explain args better in color_table,2026-W05,2026-01-26
vcdExtra,64378aa55811f9eb1c0e315c6d0dfd7e04e1459a,2026-01-27T15:26:14Z,friendly,friendly@users.noreply.github.com,52,34,138,Update pkgdown site (GHA),2026-W05,2026-01-26
vcdExtra,41048b53342f27185c078cf91fb65013b9bb9ed5,2026-01-27T22:14:09Z,Michael Friendly,friendly@yorku.ca,22,18,3,make legend=F by default,2026-W05,2026-01-26
vcdExtra,efb4893e43ac167b273bcf5053dc27fc79c75fbf,2026-01-27T22:14:17Z,Michael Friendly,friendly@yorku.ca,52,34,138,Merge branch 'master' of https://github.com/friendly/vcdExtra,2026-W05,2026-01-26
vcdExtra,df8d40923fc5ac9bdbf475c47ce96c26a0b1fa69,2026-01-27T22:18:35Z,friendly,friendly@users.noreply.github.com,23,23,4,Update pkgdown site (GHA),2026-W05,2026-01-26
vcdExtra,46db99f28136417b643c93420b71a36daac46e83,2026-01-28T02:12:40Z,Michael Friendly,friendly@yorku.ca,802,796,1,add column spanner TODO in color_table,2026-W05,2026-01-26
vcdExtra,59b78bdfdb8c1bf8d0790ef452001849795cc8a3,2026-01-28T02:17:12Z,friendly,friendly@users.noreply.github.com,10,10,10,Update pkgdown site (GHA),2026-W05,2026-01-26
vcdExtra,2643dad598353910eaf14a74aff156e45d5ab7a8,2026-01-28T17:39:13Z,Michael Friendly,friendly@yorku.ca,3,3,2,fix install note in README,2026-W05,2026-01-26
vcdExtra,5fc9857331eff583b0932806f5d31a23bf32bf93,2026-01-28T17:39:17Z,Michael Friendly,friendly@yorku.ca,834,828,14,Merge branch 'master' of https://github.com/friendly/vcdExtra,2026-W05,2026-01-26
vcdExtra,7c4a0de7c4ae0e826030e5aba62f5e7e75dff7f8,2026-01-28T17:45:18Z,friendly,friendly@users.noreply.github.com,8,8,5,Update pkgdown site (GHA),2026-W05,2026-01-26
vcdExtra,c5632e8acf5aa2bdf5418bc1dc563b7fdf90f8c5,2026-01-29T22:29:44Z,Michael Friendly,friendly@yorku.ca,203,0,1,plan for spanner headings,2026-W05,2026-01-26
vcdExtra,b76552f33184855d817683212a3723af2a087526,2026-01-29T22:33:53Z,friendly,friendly@users.noreply.github.com,25,25,15,Update pkgdown site (GHA),2026-W05,2026-01-26
vcdExtra,a7863d2b06412b588caf24d1b3c3351c527765da,2026-01-30T17:09:01Z,Michael Friendly,friendly@yorku.ca,354,1,11,replace favicon; continue spanners plan,2026-W05,2026-01-26
vcdExtra,09f1cebf1a354e404be3bd2d2cecac5b1b7677dd,2026-01-30T17:09:20Z,Michael Friendly,friendly@yorku.ca,25,25,15,Merge branch 'master' of https://github.com/friendly/vcdExtra,2026-W05,2026-01-26
vcdExtra,56dfb01c05dc31e06bc7ea4ef147c9c1a3b6a448,2026-01-30T17:13:57Z,friendly,friendly@users.noreply.github.com,49,25,22,Update pkgdown site (GHA),2026-W05,2026-01-26
vcdExtra,e9c551453e8df06a5605c941b93bd76ba909a0f6,2026-01-30T17:27:10Z,Michael Friendly,friendly@yorku.ca,143,6,2,Add hierarchical column spanners for multi-variable columns,2026-W05,2026-01-26
vcdExtra,e25601324eab3250eaf951c29dd5f9c24e2be0f0,2026-01-30T21:33:13Z,Michael Friendly,friendly@yorku.ca,94,0,1,add butterfly-ex.R,2026-W05,2026-01-26
vcdExtra,5c1922dae0df58d4273f7589806a8a58e45ac12d,2026-01-30T21:34:59Z,Michael Friendly,friendly@yorku.ca,49,25,22,Merge branch 'master' of https://github.com/friendly/vcdExtra into co…,2026-W05,2026-01-26
vcdExtra,ff9ece5fcf007c3f9e7b2a2351425237921744c5,2026-01-30T22:06:06Z,Michael Friendly,friendly@yorku.ca,8,8,1,revise test-column-spanners,2026-W05,2026-01-26
vcdExtra,99e4c309fec3d5e78c34a93c378772367b2d354f,2026-02-05T19:50:09Z,Michael Friendly,friendly@yorku.ca,237,6,3,Merge pull request #17 from friendly/column-spanners,2026-W06,2026-02-02
vcdExtra,cc2b697f250bb157737488e9be815c96fa4d01d5,2026-02-05T19:55:01Z,friendly,friendly@users.noreply.github.com,12,12,11,Update pkgdown site (GHA),2026-W06,2026-02-02
vcdExtra,a5bc40ad3febc59fba14dbec0017aa1fc28473c3,2026-02-06T21:43:26Z,Michael Friendly,friendly@yorku.ca,352,7,5,add ideas for issues/anova-like.md,2026-W06,2026-02-02
vcdExtra,d05bc1d6cbbca5e9c4e1221ebeca0470180f2749,2026-02-06T21:43:43Z,Michael Friendly,friendly@yorku.ca,12,12,11,Merge branch 'master' of https://github.com/friendly/vcdExtra,2026-W06,2026-02-02
vcdExtra,af63247f68625a6fc92e8a81c3bcd1884f46478b,2026-02-06T21:48:48Z,friendly,friendly@users.noreply.github.com,10,10,10,Update pkgdown site (GHA),2026-W06,2026-02-02
vcdExtra,2da909c133fc913e54f89df1a061037ea07c93f1,2026-02-07T03:53:28Z,Michael Friendly,friendly@yorku.ca,378,357,2,edit anova-like,2026-W06,2026-02-02
vcdExtra,b55d49b08884e5edcb9257d58f04a81acb903361,2026-02-07T03:57:43Z,friendly,friendly@users.noreply.github.com,52,11,12,Update pkgdown site (GHA),2026-W06,2026-02-02
vcdExtra,fad22a065c19b6dd749514e8242e8eaed9bde79c,2026-02-08T00:01:14Z,Michael Friendly,friendly@yorku.ca,20,0,1,notes for assoc-graph,2026-W06,2026-02-02
vcdExtra,6f35b9f2022cf14947be5df7e8424325ef0c00cf,2026-02-08T00:05:39Z,friendly,friendly@users.noreply.github.com,10,10,10,Update pkgdown site (GHA),2026-W06,2026-02-02
vcdExtra,073a2ec981f08397cb6dbe2ecc6f96613cc8c28c,2026-02-08T00:07:57Z,Michael Friendly,friendly@yorku.ca,6,1,1,notes for assoc-graph,2026-W06,2026-02-02
vcdExtra,30b1ad5bc56190c35a5b6fd5af26b44b313757c1,2026-02-08T15:53:28Z,Michael Friendly,friendly@yorku.ca,10,10,10,Merge branch 'master' of https://github.com/friendly/vcdExtra,2026-W06,2026-02-02
vcdExtra,ddf74310118b47bb74670c760ca35cf8611db247,2026-02-08T15:57:35Z,friendly,friendly@users.noreply.github.com,16,16,6,Update pkgdown site (GHA),2026-W06,2026-02-02
vcdExtra,6abbef61feb16208acbb70089f3c06671a906826,2026-02-08T17:22:41Z,Michael Friendly,friendly@yorku.ca,228,49,8,add Reinis data; change default label in seq_loglm,2026-W06,2026-02-02
vcdExtra,40743efd0f48a3811aebb80c728bdd2d0fa13515,2026-02-08T17:22:57Z,Michael Friendly,friendly@yorku.ca,16,16,6,Merge branch 'master' of https://github.com/friendly/vcdExtra,2026-W06,2026-02-02
vcdExtra,1eb8feac1cb74f5ae017319d2cb79d66fb57991d,2026-02-08T18:48:53Z,Michael Friendly,friendly@yorku.ca,222,1,4,add get_models() for loglmlist,2026-W06,2026-02-02
vcdExtra,7f39618c8ec1eff272efeac69f228029ed80aa80,2026-02-08T19:19:47Z,Michael Friendly,friendly@yorku.ca,21,8,5,add get_models,2026-W06,2026-02-02
vcdExtra,780a5db53b2a672de735acd946f2fd785ba23e7c,2026-02-08T19:24:01Z,friendly,friendly@users.noreply.github.com,908,189,27,Update pkgdown site (GHA),2026-W06,2026-02-02
vcdExtra,157cddc21aa82a01d82d1a3d31df1a8f5b6f389e,2026-02-08T23:39:23Z,Michael Friendly,friendly@yorku.ca,201,18,9,add get_model(),2026-W06,2026-02-02
vcdExtra,e4559e02a96ef4c757eb5cdd5655f17b4556a761,2026-02-08T23:39:29Z,Michael Friendly,friendly@yorku.ca,908,189,27,Merge branch 'master' of https://github.com/friendly/vcdExtra,2026-W06,2026-02-02
vcdExtra,6f0daa9083372cdb863a0ec551435c3b6567fd1a,2026-02-09T00:02:54Z,Michael Friendly,friendly@yorku.ca,28,27,4,prepare for CRAN release,2026-W07,2026-02-09
vcdExtra,98e521036fce9ee2e8cb02a103a7a26f6417c1ee,2026-02-09T01:04:24Z,Michael Friendly,friendly@yorku.ca,1,0,1,add get_model to pkgdown,2026-W07,2026-02-09
vcdExtra,a2ca54d9e083ababce962d4afc2ef74808067d20,2026-02-09T01:11:48Z,Michael Friendly,friendly@yorku.ca,8,8,5,fix some URLs,2026-W07,2026-02-09
vcdExtra,2c3b44111558c68acf0371dce1f5e59330d8dd3d,2026-02-09T01:16:55Z,friendly,friendly@users.noreply.github.com,316,28,31,Update pkgdown site (GHA),2026-W07,2026-02-09
vcdExtra,3edfbd3b7df7adfd75904cca2b526d8cc65d9128,2026-02-09T01:37:58Z,Michael Friendly,friendly@yorku.ca,2,1,1,update cran-comments,2026-W07,2026-02-09
vcdExtra,bec5f707f2ea68a70c794b3fc0fda77030d06139,2026-02-09T01:38:20Z,Michael Friendly,friendly@yorku.ca,316,28,31,Merge branch 'master' of github.com:friendly/vcdExtra into master,2026-W07,2026-02-09
vcdExtra,82b6dbca5cb1debe504ed03342e38a265383e921,2026-02-09T01:42:57Z,friendly,friendly@users.noreply.github.com,1,1,1,Update pkgdown site (GHA),2026-W07,2026-02-09
vcdExtra,b79d434d8394d8378cc74ee10513cfd6ef1ab5e7,2026-02-09T20:30:43Z,Michael Friendly,friendly@yorku.ca,685,58,10,Added a labelargument to LRstats(),2026-W07,2026-02-09
vcdExtra,0b71f68b43c3a756010df591ad4cb6845511d835,2026-02-09T20:31:00Z,Michael Friendly,friendly@yorku.ca,327,37,38,Merge branch 'master' of https://github.com/friendly/vcdExtra,2026-W07,2026-02-09
vcdExtra,e1e9fac1230281f22086324a95bd0d3f60bcd7b1,2026-02-09T20:35:50Z,friendly,friendly@users.noreply.github.com,292,137,101,Update pkgdown site (GHA),2026-W07,2026-02-09
vcdExtra,fd5696fa47e32d722212ae1d6795357b591a22ec,2026-02-10T16:06:16Z,Michael Friendly,friendly@yorku.ca,83,14,5,fix label problem in LRstats,2026-W07,2026-02-09
vcdExtra,e54961c422d4b7d7b83f372af418b3cd8bbfe2a4,2026-02-10T16:06:21Z,Michael Friendly,friendly@yorku.ca,292,137,101,Merge branch 'master' of https://github.com/friendly/vcdExtra,2026-W07,2026-02-09
vcdExtra,e57f52e98d1f66db4d36fd30341b1de958af1234,2026-02-10T16:10:46Z,friendly,friendly@users.noreply.github.com,55,33,19,Update pkgdown site (GHA),2026-W07,2026-02-09
vcdExtra,7e1ce30e5cb4d5138e74110dfda76847c29fc11a,2026-02-10T16:25:13Z,Michael Friendly,friendly@yorku.ca,177,219,8,Document get_model and get_models together,2026-W07,2026-02-09
vcdExtra,c8063f3032b8901bd52d118fb4e87c78869cc516,2026-02-10T16:25:22Z,Michael Friendly,friendly@yorku.ca,55,33,19,Merge branch 'master' of https://github.com/friendly/vcdExtra,2026-W07,2026-02-09
vcdExtra,852f9674dc16252bbf659f6f8889900cac431516,2026-02-10T16:29:32Z,friendly,friendly@users.noreply.github.com,176,225,20,Update pkgdown site (GHA),2026-W07,2026-02-09
vcdExtra,8875e532ae294fddd1ee92ee54157bd07bb6885b,2026-02-10T20:41:48Z,Michael Friendly,friendly@yorku.ca,829,9,13,added assoc_graph(),2026-W07,2026-02-09
vcdExtra,6fbb240ac4790d6abe2f16f2ab23c6ecb8a29b36,2026-02-10T22:35:42Z,Michael Friendly,friendly@yorku.ca,261,258,3,update assoc_graph Dayton example,2026-W07,2026-02-09
vcdExtra,563da06075b6a868de8ccfd322ca87801ca58f97,2026-02-10T22:38:04Z,Michael Friendly,friendly@yorku.ca,832,9,14,Merge pull request #20 from friendly/assoc_graph,2026-W07,2026-02-09
vcdExtra,451f73e18fb911596bd75bbfe44d17e7c4acc1a9,2026-02-10T22:45:31Z,friendly,friendly@users.noreply.github.com,823,74,35,Update pkgdown site (GHA),2026-W07,2026-02-09
vcdExtra,3bef6bcc58c8c522cb926611ed5b17a57ff563fe,2026-02-10T23:52:56Z,Michael Friendly,friendly@yorku.ca,179,16,3,Add edge weights (measure parameter) to assoc_graph.glm(),2026-W07,2026-02-09
vcdExtra,18517b04ac0cb7518cef253dc4858a7dca35aeff,2026-02-11T20:42:38Z,Michael Friendly,friendly@yorku.ca,150,49,3,test assoc_graph weights,2026-W07,2026-02-09
vcdExtra,7e72370e8c188347430a897710abce27c7721008,2026-02-11T22:03:50Z,Michael Friendly,friendly@yorku.ca,14,10,2,improve assoc_graph plot example,2026-W07,2026-02-09
vcdExtra,b75f0fe19d5a04f45acefacc6ae1ae3a14886796,2026-02-11T22:08:39Z,friendly,friendly@users.noreply.github.com,112,102,21,Update pkgdown site (GHA),2026-W07,2026-02-09
vcdExtra,94abdc51ebd147bba1aafe90bc8a4a8435b6c4bc,2026-02-11T23:40:26Z,Michael Friendly,friendly@yorku.ca,17,14,1,test assoc-weights,2026-W07,2026-02-09
vcdExtra,bfc1d958e3aad99900db103f1192da76ad681eb2,2026-02-12T20:48:28Z,gklorfine,gklorfine@rogers.com,98,0,2,Added as_table() and as_array() to dev/,2026-W07,2026-02-09
vcdExtra,9564f71228d12f7cdb53dd31c4df0217f91fb6c0,2026-02-12T21:01:37Z,gklorfine,gklorfine@rogers.com,1,1,1,Added .DS_Store (a MacOS file) to .gitignore,2026-W07,2026-02-09
vcdExtra,794ef5f53cdc7c290ebdd173de0b8906abc69f08,2026-02-12T21:06:46Z,Michael Friendly,friendly@yorku.ca,29,11,2,"Update DaytonSurvey examples: 3 variable groups, layout_nicely",2026-W07,2026-02-09
vcdExtra,bc0d9c5e4d5066cbfaacc6f088560c4ffdc006a9,2026-02-12T21:19:39Z,Michael Friendly,friendly@yorku.ca,1033,323,54,Merge branch 'master' into assoc_graph-weights,2026-W07,2026-02-09
vcdExtra,0b044dffd44a7f7a5c90f7a218484c20fbb92061,2026-02-12T21:20:17Z,Michael Friendly,friendly@yorku.ca,351,70,5,Merge pull request #21 from friendly/assoc_graph-weights,2026-W07,2026-02-09
vcdExtra,a9dc576c5b2d38fb98e89eace084caeb7122959f,2026-02-12T21:24:34Z,friendly,friendly@users.noreply.github.com,198,101,22,Update pkgdown site (GHA),2026-W07,2026-02-09
vcdExtra,d6620ba37a23686845904c22f11d33b3aad8d8e7,2026-02-12T21:57:58Z,Michael Friendly,friendly@yorku.ca,195,0,1,assoc-graph rendering plan,2026-W07,2026-02-09
vcdExtra,07b3538472b5b0147d704caf25982320e6d2aa90,2026-02-12T22:00:56Z,Michael Friendly,friendly@yorku.ca,198,101,22,Merge branch 'master' of https://github.com/friendly/vcdExtra,2026-W07,2026-02-09
vcdExtra,fc6635d65cc26d68ce01d5fcad27e004b42d9a2d,2026-02-12T22:05:41Z,friendly,friendly@users.noreply.github.com,1,1,1,Update pkgdown site (GHA),2026-W07,2026-02-09
vcdExtra,aeb5baaf894679a2e0231d973b9c7f86bd642bfb,2026-02-13T01:28:19Z,Michael Friendly,friendly@yorku.ca,8,208,2,update NEWS,2026-W07,2026-02-09
vcdExtra,63882bd314d9b5da51a9f6a4c8e12057f2f5628d,2026-02-13T01:33:12Z,friendly,friendly@users.noreply.github.com,222,18,14,Update pkgdown site (GHA),2026-W07,2026-02-09
vcdExtra,768b955530a2f7f1e61bfc25f597a79e88d3a019,2026-02-13T03:26:52Z,gklorfine,gklorfine@rogers.com,749,172,31,Merge remote-tracking branch 'origin/master' into GK-work,2026-W07,2026-02-09
vcdExtra,0c475b28fb04a00b3d7265179dc7870a1e9bc6eb,2026-02-13T17:32:48Z,gklorfine,gklorfine@rogers.com,127,20,4,Corrected table/array handling in as_table(). Changed documentation o…,2026-W07,2026-02-09
vcdExtra,58340fe93968e146fb2692c75d8dc671f0a0f7f7,2026-02-13T20:37:58Z,Michael Friendly,friendly@yorku.ca,130,44,2,edit README,2026-W07,2026-02-09
vcdExtra,0f49bf65101bf30cdf1f9a562019e1d32bb87f4b,2026-02-13T20:43:13Z,friendly,friendly@users.noreply.github.com,215,88,5,Update pkgdown site (GHA),2026-W07,2026-02-09
vcdExtra,48d96d6579b4531893d88488f841057105f28334,2026-02-13T23:02:14Z,Michael Friendly,friendly@yorku.ca,20,0,1,dev/vcdExtra-new descriptions,2026-W07,2026-02-09
vcdExtra,a7937961c8b62681b27828744a32b1ac8a40b70a,2026-02-13T23:02:30Z,Michael Friendly,friendly@yorku.ca,215,88,5,Merge branch 'master' of https://github.com/friendly/vcdExtra,2026-W07,2026-02-09
vcdExtra,daf4f8d96c05f1aa456950db3c205a7f9965a392,2026-02-13T23:07:08Z,friendly,friendly@users.noreply.github.com,1,1,1,Update pkgdown site (GHA),2026-W07,2026-02-09
vcdExtra,58ddd8fce87bd79a77149ba2f39e7cf556d9ede4,2026-03-02T22:15:34Z,gklorfine,gklorfine@rogers.com,2,0,1,Fix as_caseform documentation,2026-W10,2026-03-02
vcdExtra,9880223ecdd41fb492931cf2fc5c1656ad264fc9,2026-03-02T22:23:46Z,gklorfine,gklorfine@rogers.com,365,132,8,Merged master into GK-work,2026-W10,2026-03-02
vcdExtra,c2ea51b44f84d7006955d27b8a61a156aa5613c9,2026-03-03T22:04:10Z,gklorfine,gklorfine@rogers.com,141,45,4,Added proportion functionality to as_table(). Corrected documentation…,2026-W10,2026-03-02
vcdExtra,aff79a423c9f7b8262d70b2c310fd50f1a590196,2026-03-04T17:06:10Z,gklorfine,gklorfine@rogers.com,291,19,10,"Moved as_array(), as_caseform(), as_freqform(), as_table() from dev/ …",2026-W10,2026-03-02
vcdExtra,553f0f556a9cf83cb07886f481922aff479acadb,2026-03-05T19:56:25Z,gklorfine,gklorfine@rogers.com,55,8,9,Added tests for as_table(). Modified documentation for as_* functions.,2026-W10,2026-03-02
vcdExtra,5de23dc3cab06a3860b5e208bf732588e077e791,2026-03-05T20:09:50Z,gklorfine,gklorfine@rogers.com,10,1,1,Added as_* conversion functions to _pkgdown.yml,2026-W10,2026-03-02
vcdExtra,4f2d68da2978d96346e06012a1e3bb96819ddaa4,2026-03-06T14:38:31Z,Michael Friendly,friendly@yorku.ca,634,3,13,Merge pull request #22 from friendly/GK-work,2026-W10,2026-03-02
vcdExtra,3b1c50ca556159a9bb1ca83325634b3afe3faafc,2026-03-06T14:47:34Z,Michael Friendly,friendly@yorku.ca,17,12,3,bump pkg ver; add GK as ctb,2026-W10,2026-03-02
vcdExtra,1f46524eac9a257c5c364d8f9753516bff32fe70,2026-03-06T14:48:10Z,friendly,friendly@users.noreply.github.com,1400,87,33,Update pkgdown site (GHA),2026-W10,2026-03-02
vcdExtra,f7b75fbfedfacbf1557771c8bae66e9c13b32ad4,2026-03-06T15:34:51Z,Michael Friendly,friendly@yorku.ca,16,10,6,update README,2026-W10,2026-03-02
vcdExtra,29ff5fc6efb6a283fefb1b498c2c8e72dd97ff8a,2026-03-06T15:39:31Z,friendly,friendly@users.noreply.github.com,218,199,114,Update pkgdown site (GHA),2026-W10,2026-03-02
vcdExtra,0c2a24f5c0a7bbd17b6b204ed80af6bc75f80262,2026-03-06T22:04:42Z,Michael Friendly,friendly@yorku.ca,309,0,4,add GK: pairs_diagonal_mosaic,2026-W10,2026-03-02
vcdExtra,156703c56224a132ebdfc548bf2d5d6e53617178,2026-03-06T22:15:15Z,Michael Friendly,friendly@yorku.ca,1,0,1,fix _pkgdown.yml,2026-W10,2026-03-02
vcdExtra,c41428d03c6dbbf567b2fec4ee574d66c1021572,2026-03-06T22:19:29Z,friendly,friendly@users.noreply.github.com,429,28,25,Update pkgdown site (GHA),2026-W10,2026-03-02
vcdExtra,32499da9fd22fc00c7eb7e625865229bbeaad8f0,2026-03-07T01:47:27Z,Michael Friendly,friendly@yorku.ca,102,75,2,edit Crossings examples,2026-W10,2026-03-02
vcdExtra,1b00a17640bc29db92e15fbca84fc3a05c41ae5c,2026-03-07T01:51:56Z,friendly,friendly@users.noreply.github.com,84,141,27,Update pkgdown site (GHA),2026-W10,2026-03-02
vcdExtra,7b8a957c63a6447fcb48313356a089f22f120afb,2026-03-08T02:54:41Z,gklorfine,gklorfine@rogers.com,18,5,4,"Added links, @seealso tags to documentation for as_* functions.",2026-W10,2026-03-02
vcdExtra,d2526c78093c178774048d55efc4e1c3bbdeeaea,2026-03-08T04:13:14Z,gklorfine,gklorfine@rogers.com,91,0,3,"Added unit tests for as_array, as_caseform, as_freqform.",2026-W10,2026-03-02
vcdExtra,379db0327ac7c386e6681c537bf18be6cf6ce9b9,2026-03-08T04:52:06Z,gklorfine,gklorfine@rogers.com,28,15,9,"Fixed links, tests; updated documentation for as_* functions.",2026-W10,2026-03-02
vcdExtra,886766834c49756f73fe97df140a5567e2dae1f2,2026-03-08T04:53:20Z,gklorfine,gklorfine@rogers.com,2,1,1,"Added factoextra to ""Suggests:"" in DESCRIPTION.",2026-W10,2026-03-02
vcdExtra,830ab2b697c606f5f32269743be586f43b3ecfc9,2026-03-08T04:57:07Z,gklorfine,gklorfine@rogers.com,88,88,1,"Fixed @examples in Crossings.R by commenting out ""Crossings levels"" (…",2026-W10,2026-03-02
vcdExtra,fc2a3294d443b3d96e9a200e30672ab8146c2691,2026-03-08T19:09:37Z,gklorfine,gklorfine@rogers.com,126,5,8,Added as_matrix conversion function,2026-W10,2026-03-02
vcdExtra,8d37926fd8eab0ca6e50550beda6e26ffac3c320,2026-03-10T16:11:04Z,gklorfine,gklorfine@rogers.com,7,4,4,Added as_matrix to seealso tags for other as_* functions,2026-W11,2026-03-09
vcdExtra,fc63bfb5be06e9b3811a83fd88de2d7c7a76a5f3,2026-03-10T16:13:46Z,gklorfine,gklorfine@rogers.com,14,27,2,Removed `counts` convenience argument from pairs_diagonal_mosaic.,2026-W11,2026-03-09
vcdExtra,461e78bd89bd93a71dce841b44b607ec4921a0f4,2026-03-10T16:21:20Z,gklorfine,gklorfine@rogers.com,14,27,2,Merge branch 'GK-work2' into GK-work,2026-W11,2026-03-09
vcdExtra,622bf3fefed10806416ac124ee43b6b926dd9ea5,2026-03-11T16:24:58Z,gklorfine,gklorfine@rogers.com,40,1,2,Added unit tests for as_matrix. as_matrix added to _pkgdown.yml,2026-W11,2026-03-09
vcdExtra,539b9ad348bf84ec5d3c21b800754b5e25437da1,2026-03-13T02:00:12Z,gklorfine,gklorfine@rogers.com,78,0,1,Added working prototype of `collapse_levels` to /dev,2026-W11,2026-03-09
vcdExtra,22405dae74d02ddedb85fb400ed8cfb0f0302323,2026-03-13T19:25:14Z,Michael Friendly,friendly@yorku.ca,320,1,8,Fixed bug in mcaplot(),2026-W11,2026-03-09
vcdExtra,e1ee5e7fd15a33c287c280bc69ad231c7844ce2d,2026-03-14T01:48:55Z,Michael Friendly,friendly@yorku.ca,11018,12,13,sort out color_table in Rmd/qmd,2026-W11,2026-03-09
vcdExtra,78da06f9604146ee149b531cd85330b0ceb8ab69,2026-03-14T02:25:55Z,Michael Friendly,friendly@yorku.ca,5227,11,9,add knit_include(),2026-W11,2026-03-09
vcdExtra,d4a45a38cf4117d12628ce5208fc1e7af0c23cb5,2026-03-14T02:53:27Z,gklorfine,gklorfine@rogers.com,33,10,1,Added `prop` argument to as_freqform.,2026-W11,2026-03-09
vcdExtra,05d310cdb879a1a06f4b2b84786ec6a86ad0bc37,2026-03-14T02:53:40Z,gklorfine,gklorfine@rogers.com,4,4,1,Minor fixes to as_table documentation.,2026-W11,2026-03-09
vcdExtra,0545a65a20d137e192cf200882c21e7e864dd2aa,2026-03-14T16:16:25Z,Michael Friendly,friendly@yorku.ca,599,228,45,Merge branch 'master' of https://github.com/friendly/vcdExtra,2026-W11,2026-03-09
vcdExtra,3eab6bfef9edc13cba4311d6d820d5dc2af3cd9c,2026-03-14T16:23:57Z,friendly,friendly@users.noreply.github.com,123,127,34,Update pkgdown site (GHA),2026-W11,2026-03-09
vcdExtra,d0a461ec2e6f9e0ad57163420d24bbb7ae264cf5,2026-03-14T18:06:42Z,Michael Friendly,friendly@yorku.ca,16245,23,21,Merge pull request #23 from friendly/color_tab_work,2026-W11,2026-03-09
vcdExtra,9819bc742112145befb8291e874a11f12c1562fd,2026-03-14T19:32:26Z,Michael Friendly,friendly@yorku.ca,136,90,9,"work on color_table, knit_include, ...",2026-W11,2026-03-09
vcdExtra,0c6ebd1f9a22deddd60b05b6cf4163fa63c5ac52,2026-03-15T05:30:40Z,gklorfine,gklorfine@rogers.com,16760,177,66,Merge branch 'master' into GK-work2,2026-W11,2026-03-09
vcdExtra,57606323cf7bb14e89100d9565b880ab3e61c770,2026-03-15T05:49:58Z,gklorfine,gklorfine@rogers.com,16841,258,66,Merge branch 'master' into GK-work,2026-W11,2026-03-09
vcdExtra,5bc37c626c3d4105a2e35f26d0e2303ce00495c0,2026-03-15T05:57:41Z,gklorfine,gklorfine@rogers.com,29,10,3,"Documentation, adding dplyr::rename to NAMESPACE",2026-W11,2026-03-09
vcdExtra,89616f503ed2a272c36f28c45b2a7283e46a19fe,2026-03-15T17:09:33Z,Michael Friendly,friendly@yorku.ca,19,7,6,fix knit_include imports; fix pairs_diagonal_matrix imports,2026-W11,2026-03-09
vcdExtra,e6a4eaad788787905ba0e3f10942027c077788a5,2026-03-15T17:31:37Z,gklorfine,gklorfine@rogers.com,19,7,6,Merge branch 'master' into GK-work2,2026-W11,2026-03-09
vcdExtra,5853241f13fd57f3653200ca256e05e0b3940832,2026-03-15T18:12:50Z,gklorfine,gklorfine@rogers.com,1,1,1,Troubleshooting pkgdown error PR #24,2026-W11,2026-03-09
vcdExtra,224ca2be246232afd448a768a855b1cf55c4ccb4,2026-03-17T00:00:00Z,Michael Friendly,friendly@yorku.ca,15,28,3,Merge pull request #24 from friendly/GK-work2,2026-W12,2026-03-16
vcdExtra,77ad9574416c745fcd2a249d384a471949c61c4e,2026-03-17T00:21:19Z,Michael Friendly,friendly@yorku.ca,1,1,1,check PR #24:OK,2026-W12,2026-03-16
vcdExtra,6303e0e6cfa7f33b554dba6588ef2898587709ea,2026-03-17T01:04:30Z,Michael Friendly,friendly@yorku.ca,40853,38145,492,build pkgdown,2026-W12,2026-03-16
vcdExtra,73c426f0c4897e9bcbf1a57713a741b24839c43b,2026-03-17T01:15:49Z,friendly,friendly@users.noreply.github.com,37673,37508,491,Update pkgdown site (GHA),2026-W12,2026-03-16
vcdExtra,952503b5b75ab07e85452fb807bda8899b48c8c5,2026-03-17T02:01:36Z,Michael Friendly,friendly@yorku.ca,83,74,5,cran-comments; revdepcheck,2026-W12,2026-03-16
vcdExtra,f691355d7679b1523000ffe7e64b5b1bd4c2ceee,2026-03-17T02:01:58Z,Michael Friendly,friendly@yorku.ca,37673,37508,491,Merge branch 'master' of github.com:friendly/vcdExtra into master,2026-W12,2026-03-16
vcdExtra,d496da07fbdea3c51088e237e12db4414e0837c4,2026-03-17T02:09:58Z,friendly,friendly@users.noreply.github.com,6,2,4,Update pkgdown site (GHA),2026-W12,2026-03-16
vcdExtra,c758cb939502747dae22b70c8054269ba81c6761,2026-03-17T16:54:30Z,Michael Friendly,friendly@yorku.ca,49,38,8,"run checks, fix problems for CRAN release",2026-W12,2026-03-16
vcdExtra,fbfbf0c9b06cb6dee5b1e35988ac9dc5afbc0d59,2026-03-17T17:03:07Z,friendly,friendly@users.noreply.github.com,18,18,6,Update pkgdown site (GHA),2026-W12,2026-03-16
vcdExtra,949ba48cdca980d39df2b737aff949b6f654102b,2026-03-28T14:52:33Z,gklorfine,gklorfine@rogers.com,4363,1454,136,Merge branch 'master' into GK-work,2026-W13,2026-03-23
vcdExtra,e5696415736186d5716d0951c040678b37a89edb,2026-03-28T16:25:45Z,gklorfine,gklorfine@rogers.com,135,78,2,"Documented `collapse_levels`, moved from /dev to /R",2026-W13,2026-03-23
vcdExtra,93c1b53280d15a3831dc20bc30a7516703109c46,2026-03-28T22:01:26Z,gklorfine,gklorfine@rogers.com,40,0,1,Added tidy conversions to `a1-creating.Rmd` vignette,2026-W13,2026-03-23
vcdExtra,69fb99a2763d636f86b7a242585104b20661e861,2026-03-28T22:18:22Z,gklorfine,gklorfine@rogers.com,36,0,2,Added some unit tests for `collapse_levels`,2026-W13,2026-03-23
vcdExtra,dd5d19a8d34a3a5c363683761fe852d8fe4982a1,2026-03-29T03:10:46Z,gklorfine,gklorfine@rogers.com,1,1,1,Fixed merge conflict artefact (missing comma),2026-W13,2026-03-23
vcdExtra,70f1ed2ab3cee7976fae805019666b7ae3dc7802,2026-03-29T15:16:37Z,Michael Friendly,friendly@yorku.ca,15,11,7,suppressWarnings() from ca:mcja(); bump pkg version,2026-W13,2026-03-23
vcdExtra,742a2c74c094f70a17ad73762b13b79f65b8bd26,2026-03-29T15:27:55Z,friendly,friendly@users.noreply.github.com,136,140,109,Update pkgdown site (GHA),2026-W13,2026-03-23
vcdExtra,2064e3cdf34d4f3a644fbba5cd1cafd68bbd561a,2026-03-29T16:42:31Z,Michael Friendly,friendly@yorku.ca,136,0,1,"add sketch, dev/loghistplot.R",2026-W13,2026-03-23
vcdExtra,403d91934274cf73f4154f32baf279859c9e2ebe,2026-03-29T16:42:54Z,Michael Friendly,friendly@yorku.ca,136,140,109,Merge branch 'master' of https://github.com/friendly/vcdExtra,2026-W13,2026-03-23
vcdExtra,1877b1ad40ce703edd9cac969a4d96b396e3b2d8,2026-03-29T16:53:41Z,friendly,friendly@users.noreply.github.com,3,3,3,Update pkgdown site (GHA),2026-W13,2026-03-23
vcdExtra,68dbaae578fbb2131ac2bd08d0fa0615b5bd662e,2026-03-30T02:17:05Z,gklorfine,gklorfine@rogers.com,12,2,1,Fixes to `collapse_levels` for case form data.,2026-W14,2026-03-30
vcdExtra,a4d4e9fc942014e3487da6d4fd7e9edb75eaf7bd,2026-03-30T19:28:05Z,gklorfine,gklorfine@rogers.com,17,7,2,Added safeguards to `as_caseform()`.,2026-W14,2026-03-30
vcdExtra,fcd525c4c834a641c32b40fbba23b998172c2d25,2026-03-30T23:05:29Z,gklorfine,gklorfine@rogers.com,438,7,9,"Various fixes, started convert/collapse vignette.",2026-W14,2026-03-30
vcdExtra,22eccba9680d8e33ee0659a776c6b0d62f809fdd,2026-03-30T23:05:59Z,gklorfine,gklorfine@rogers.com,289,153,118,Merge branch 'master' into GK-work,2026-W14,2026-03-30
vcdExtra,19bcb68782911f6c8ae8e177d4b6d4ac88558db0,2026-03-31T16:37:21Z,gklorfine,gklorfine@rogers.com,61,14,2,"Add `prop` arguments for `as_array`, `as_matrix`.",2026-W14,2026-03-30
vcdExtra,a5bd165fec7c82c7c0bbd1b893f5d568afd5690d,2026-03-31T16:37:54Z,gklorfine,gklorfine@rogers.com,112,36,8,Minor documentation formatting.,2026-W14,2026-03-30
vcdExtra,ec7b8d253031c05e8a833c21647d86586f895499,2026-03-31T16:41:26Z,gklorfine,gklorfine@rogers.com,97,96,1,Prevent roxygen2 from seeing `expand.dft` and `expand.table` as S3 me…,2026-W14,2026-03-30
vcdExtra,486b017d4325a15b8147cbc0943de2a84a76fcf2,2026-03-31T19:28:32Z,gklorfine,gklorfine@rogers.com,86,7,1,Updated draft of convert-collapse vignette.,2026-W14,2026-03-30
vcdExtra,dc1247374e2cd65c668c3b9903b5a98d5688a39a,2026-03-31T19:36:20Z,gklorfine,gklorfine@rogers.com,175,174,1,Added `collapse_levels` to `_pkgdown.yml`.,2026-W14,2026-03-30
vcdExtra,315c0e9ebdeca81669cfbc8b8e0bd2cfa12c2186,2026-04-02T03:08:59Z,gklorfine,gklorfine@rogers.com,20,14,2,Fixed case form handling of `collapse_levels`.,2026-W14,2026-03-30
vcdExtra,e085519ba348ffd5aab5eba875cf9b7ecb8b2005,2026-04-02T03:09:39Z,gklorfine,gklorfine@rogers.com,52,1,1,Added `collapse_levels()` to vignette `a1-creating.Rmd`.,2026-W14,2026-03-30
vcdExtra,952f74931bc5ac2e5926a043dcbd3d8eb42aa54f,2026-04-02T03:11:42Z,gklorfine,gklorfine@rogers.com,0,0,1,Added node/edge diagram for form conversion functions.,2026-W14,2026-03-30
vcdExtra,9719c68ed5bd73f2263179b1c9dc697299d13756,2026-04-02T03:11:54Z,gklorfine,gklorfine@rogers.com,24,9,1,Renamed `convert-collapse.Rmd` to `a1a-convert-collapse.Rmd`. Polishe…,2026-W14,2026-03-30
vcdExtra,d2016c000f6e8411817be6d431916de7d85b4868,2026-04-02T03:12:42Z,gklorfine,gklorfine@rogers.com,134,126,2,Added `@seealso` tags to `collapse.table.R` and `expand.dft.R`.,2026-W14,2026-03-30
vcdExtra,916f4bd80afa65283604426b2f9c0e2f8a50497c,2026-04-02T03:13:09Z,gklorfine,gklorfine@rogers.com,1,0,1,Added `a1a-convert-collapse` vignette to `_pkgdown.yml`.,2026-W14,2026-03-30
vcdExtra,854d68391bef1b2f0f77300b21ba08f169d0d463,2026-04-02T17:09:56Z,gklorfine,gklorfine@rogers.com,11,6,3,Minor documentation fixes.,2026-W14,2026-03-30
vcdExtra,2ad50e4e0941013d3231341def37eadac4b2c901,2026-04-02T21:02:17Z,Michael Friendly,friendly@yorku.ca,1735,460,29,Merge pull request #25 from friendly/GK-work,2026-W14,2026-03-30
vcdExtra,db75e1309c75f03151227e7fce0e20d77fd2b2cb,2026-04-02T21:10:29Z,friendly,friendly@users.noreply.github.com,2655,109,46,Update pkgdown site (GHA),2026-W14,2026-03-30
vcdExtra,3f371c3e40c78e60df728aefcde74d069cd10139,2026-04-03T01:00:27Z,Michael Friendly,friendly@yorku.ca,118,104,6,merge PR #25; bump pkg version; promote GK to pkg author,2026-W14,2026-03-30
vcdExtra,8f3185fbc1d99e2fbdabc4659855a6d7029dcfde,2026-04-03T01:09:13Z,friendly,friendly@users.noreply.github.com,311,274,115,Update pkgdown site (GHA),2026-W14,2026-03-30
vcdExtra,0fc3d3dd28b7a4ba53c3cd632f5bcc70ea93484e,2026-05-05T18:54:45Z,Michael Friendly,friendly@yorku.ca,427,4,5,implement dev/breslow_day_test.R,2026-W19,2026-05-04
vcdExtra,60cbddae1dccc91c29191e13886c56612d2a7331,2026-05-05T18:56:13Z,Michael Friendly,friendly@yorku.ca,4795,923,167,fix merge,2026-W19,2026-05-04
vcdExtra,12cf3890776652420c38ad41869bb991b14a339b,2026-05-05T19:04:40Z,friendly,friendly@users.noreply.github.com,438,158,127,Update pkgdown site (GHA),2026-W19,2026-05-04
vcdExtra,5593e54e3df91dd44fb205a16c6b7c52b75ec6e3,2026-06-06T02:32:43Z,Michael Friendly,friendly@yorku.ca,203,219,22,fix aliases for roxygen 8.0.0; make color_table examples visible,2026-W23,2026-06-01
vcdExtra,09321233882b6062724d99a043b23f722e608025,2026-06-06T02:42:41Z,friendly,friendly@users.noreply.github.com,344,276,282,Update pkgdown site (GHA),2026-W23,2026-06-01
vcdExtra,f5acf97b05fe234010f5597e36c0cb298ac7cf60,2026-06-06T02:56:39Z,Michael Friendly,friendly@yorku.ca,107,102,3,bump pkg version,2026-W23,2026-06-01
vcdExtra,f64814b66e0466aa0d5bf21f0acb4b4bb4e44ff2,2026-06-06T02:57:02Z,Michael Friendly,friendly@yorku.ca,344,276,282,Merge branch 'master' of github.com:friendly/vcdExtra into master,2026-W23,2026-06-01
vcdExtra,b0ac5e2e35d8e75a056b799939e1d45490afac80,2026-06-06T03:02:09Z,friendly,friendly@users.noreply.github.com,130,118,112,Update pkgdown site (GHA),2026-W23,2026-06-01
vcdExtra,db91a3ad51d9043943a192659de715ae5a9d504b,2026-06-06T03:02:28Z,Michael Friendly,friendly@yorku.ca,771,771,1,build pkgdown reference,2026-W23,2026-06-01
vcdExtra,9beca51369de7e0a9c62f1a6a152b4f892c8449e,2026-06-06T03:08:19Z,Michael Friendly,friendly@yorku.ca,129,117,111,merge,2026-W23,2026-06-01
vcdExtra,a00dff34b15ea8fa992637bb18ee7ca404878a75,2026-06-06T03:15:34Z,friendly,friendly@users.noreply.github.com,772,772,2,Update pkgdown site (GHA),2026-W23,2026-06-01
vcdExtra,64f64f22daa4d81859106b5da353dce73c7e53a7,2026-06-07T02:50:47Z,Michael Friendly,friendly@yorku.ca,2,10,4,unhide some examples,2026-W23,2026-06-01
vcdExtra,957146db0b255d4a0c46c007697935279a18a0ea,2026-06-07T02:53:02Z,Michael Friendly,friendly@yorku.ca,0,4,2,unhide some examples,2026-W23,2026-06-01
vcdExtra,0b2d652fda14e5644dc64c32f1ccefdf3f8ba88b,2026-06-07T02:56:15Z,friendly,friendly@users.noreply.github.com,44,22,20,Update pkgdown site (GHA),2026-W23,2026-06-01
vcdExtra,90a1ffe02a75eb4510f05fe70e61add2766a3b80,2026-06-07T02:56:33Z,Michael Friendly,friendly@yorku.ca,1,1,1,unhide some examples,2026-W23,2026-06-01
vcdExtra,20889db7b8e1dd0b3e5e50e3c2f49b2c4d5cb3c4,2026-06-07T02:56:53Z,Michael Friendly,friendly@yorku.ca,44,22,20,Merge branch 'master' of https://github.com/friendly/vcdExtra into ma…,2026-W23,2026-06-01
vcdExtra,3159bd998a59356c2eefb98b3c6508fb7908d917,2026-06-07T03:07:51Z,friendly,friendly@users.noreply.github.com,16,6,4,Update pkgdown site (GHA),2026-W23,2026-06-01
vcdExtra,70ddeae972d78cd6cd11ea4f1e874d0b3d48bf42,2026-06-07T14:25:26Z,Michael Friendly,friendly@yorku.ca,23,15,2,"update NEWS, cran-comments.md",2026-W23,2026-06-01
vcdExtra,a80c0090a5f62ab7ae793fc5a730d4287c2ad389,2026-06-07T14:31:27Z,friendly,friendly@users.noreply.github.com,6,2,4,Update pkgdown site (GHA),2026-W23,2026-06-01
vcdExtra,03fa716e41b94292b68b627fc995c98962288709,2026-06-07T15:51:00Z,Michael Friendly,friendly@yorku.ca,6,15,1,update cran-comments,2026-W23,2026-06-01
vcdExtra,22654ed03fd25624dc184e599d47282159903b96,2026-06-07T15:51:37Z,Michael Friendly,friendly@yorku.ca,6,2,4,Merge branch 'master' of https://github.com/friendly/vcdExtra,2026-W23,2026-06-01
vcdExtra,3cc83348938142f87d0771a6be856747fe1423b8,2026-06-07T15:55:21Z,friendly,friendly@users.noreply.github.com,1,1,1,Update pkgdown site (GHA),2026-W23,2026-06-01
vcdExtra,c0eaa256995458c7d24f87e1fb5b9e3f6f229284,2026-07-01T18:32:40Z,gklorfine,gklorfine@rogers.com,0,0,1,Fix logo's transparent background,2026-W27,2026-06-29
vcdExtra,2c06cd2a969957612b0f7ab158511ba6db4ccf95,2026-07-01T18:33:55Z,gklorfine,gklorfine@rogers.com,865,865,5,Reposition logo in `README`,2026-W27,2026-06-29
vcdExtra,51a8691f95399b4560a16d963382df7d8efc7dbd,2026-07-01T18:36:52Z,gklorfine,gklorfine@rogers.com,4,3,2,Attempt at removing horizontal line through logo in `README`,2026-W27,2026-06-29
vcdExtra,c187bad7f68ee992c42d9a8ce57d5eebd19eb51d,2026-07-01T18:46:24Z,gklorfine,gklorfine@rogers.com,9,5,2,Second attempt at removing the horizontal line over the logo,2026-W27,2026-06-29
vcdExtra,231ddeaec025c5e4122132cc3dd1904b9272c782,2026-07-28T17:35:50Z,Michael Friendly,friendly@yorku.ca,0,9119,126,Clean up dev/extra scratch files for shipped features,2026-W31,2026-07-27
vcdExtra,2ad93d5a9e7b75dce39ba6448b46274c62641d61,2026-07-28T18:46:30Z,Michael Friendly,friendly@yorku.ca,1138,16,8,"Add multi-column row stubs to color_table(), bump to 0.9.7",2026-W31,2026-07-27
vcdExtra,8737d9b7c5289709879daea8bbc17d4e7e035f58,2026-07-28T19:55:48Z,Michael Friendly,friendly@yorku.ca,65,4,3,work on color_table,2026-W31,2026-07-27
vcdExtra,084c84a82d6e0bef033a1ee0e3febafb6ee2e867,2026-07-28T19:56:03Z,Michael Friendly,friendly@yorku.ca,1,1,1,Merge branch 'master' of https://github.com/friendly/vcdExtra,2026-W31,2026-07-27
vcdExtra,b73814a642cd9fc11f8d07a699f5a787eddfb321,2026-07-28T22:45:33Z,Michael Friendly,friendly@yorku.ca,272,51,4,Fix color_table() formula direction docs: col_vars ~ row_vars,2026-W31,2026-07-27
vcdExtra,0dfa83b1d9bfc351852945615763fd646581c922,2026-07-28T22:54:08Z,friendly,friendly@users.noreply.github.com,1909,494,121,Update pkgdown site (GHA),2026-W31,2026-07-27
vcdExtra,0ceb5e389220ccdc9f7ef06ec5df26896ec2d2f9,2026-07-29T01:27:59Z,Michael Friendly,friendly@yorku.ca,102,0,1,Add issues/TASKS.md tracking file,2026-W31,2026-07-27
vcdExtra,17035e4a4a8e21f21e8bdd498dce22fa73099553,2026-07-29T01:55:18Z,friendly,friendly@users.noreply.github.com,26,30,17,Update pkgdown site (GHA),2026-W31,2026-07-27
vcdExtra,ccb9e00e12761941059f5ff170b0f989ca08a2e8,2026-07-29T14:17:08Z,Michael Friendly,friendly@yorku.ca,2,1,1,Clarify log-histogram plot idea in TASKS.md,2026-W31,2026-07-27
vcdExtra,27824dcfea5bc14eb7973d5650f3f9c9bb1b4814,2026-07-29T14:26:34Z,friendly,friendly@users.noreply.github.com,1,1,1,Update pkgdown site (GHA),2026-W31,2026-07-27
vcdExtra,a7ef90f98da0c3dcdd77dfa78aac9632176be8e5,2026-07-29T16:48:45Z,Michael Friendly,friendly@yorku.ca,58,5,3,Add mental-ex.R model-comparison examples to Mental dataset docs,2026-W31,2026-07-27
vcdExtra,6ef53399fc7fb9f2ac0a923dcc4d247250c51b37,2026-07-29T16:48:46Z,Michael Friendly,friendly@yorku.ca,37,0,1,Sketch a new 2x2 CMHtest display idea,2026-W31,2026-07-27
vcdExtra,c8ebcf24b05d9d740654fcd56446e1707b2fdd70,2026-07-29T16:48:46Z,Michael Friendly,friendly@yorku.ca,11,104,5,"Clean up dev/extra files: remove dead code, relocate scripts",2026-W31,2026-07-27
vcdExtra,0e15f7a041cdd4abc4b89f2aa2241eb3c0f68103,2026-07-29T16:48:46Z,Michael Friendly,friendly@yorku.ca,3,0,1,"Update NEWS.md for 0.9.7: Mental docs examples, dev/extra clean-up",2026-W31,2026-07-27
vcdExtra,9745e1016e105c242af375200a6be52dc029c7a7,2026-07-29T16:54:21Z,friendly,friendly@users.noreply.github.com,123,2,6,Update pkgdown site (GHA),2026-W31,2026-07-27
vcdExtra,6bcd63506f569d2097d40cb0e974f43b7eebad43,2026-07-29T18:52:45Z,Michael Friendly,friendly@yorku.ca,19,4,1,Note vcd's migration to Codeberg in TASKS.md,2026-W31,2026-07-27
vcdExtra,5c19c58da9ba1eff4bf6ac655567559e4b175135,2026-07-29T18:52:45Z,Michael Friendly,friendly@yorku.ca,149,1,2,Add breslow_day_test() verification script; fix stray p.value name,2026-W31,2026-07-27
vcdExtra,94a63cc9c6eee169b44a96eacd7ebf8759f54369,2026-07-29T18:52:45Z,Michael Friendly,friendly@yorku.ca,16,2,3,Point tidyCats.Rmd to the newer tidy-CDA vignette,2026-W31,2026-07-27
vcdExtra,290b8b0b32616ad2a08af96be704986617a0abbf,2026-07-29T18:59:00Z,friendly,friendly@users.noreply.github.com,22,4,6,Update pkgdown site (GHA),2026-W31,2026-07-27
vcdExtra,d4ce35b9ca622bfcb8d61f75b9282f3ca79aaaac,2026-07-30T01:14:35Z,Michael Friendly,friendly@yorku.ca,870,865,6,Merge pull request #28 from friendly/logo-fix,2026-W31,2026-07-27
vcdExtra,2629f51d0c5075e13b5d22534339ccccab246153,2026-07-30T01:19:34Z,friendly,friendly@users.noreply.github.com,24,29,20,Update pkgdown site (GHA),2026-W31,2026-07-27
vcdExtra,591361a882ecae57721a41c783b158e29b9bb6a3,2026-07-30T14:54:26Z,Michael Friendly,friendly@yorku.ca,18,6,1,Add concrete Codeberg/Forgejo workflow notes for vcd migration,2026-W31,2026-07-27
vcdExtra,502659ee56221c64482a2d157b91e48a2278e574,2026-07-30T15:01:31Z,friendly,friendly@users.noreply.github.com,20,16,7,Update pkgdown site (GHA),2026-W31,2026-07-27
vcdExtra,bd6edd48aecc891f54b90434a528111468db81e5,2026-07-30T18:09:08Z,Michael Friendly,friendly@yorku.ca,165,94,12,"Ship breslow_day_test(): move to R/, document, pkgdown, cleanup",2026-W31,2026-07-27
vcdExtra,114a0943b98d83a666250325e60e3164300d76d3,2026-07-30T18:09:08Z,Michael Friendly,friendly@yorku.ca,7,1,1,annotate extra/birthwt.R,2026-W31,2026-07-27
vcdExtra,3f32b0ef95f6d80dcbc43a6189b2355594360dbd,2026-07-30T18:15:09Z,friendly,friendly@users.noreply.github.com,644,20,26,Update pkgdown site (GHA),2026-W31,2026-07-27
vcdExtra,2a271d1c7ddc364a8771548e23a3a7a499bde9d1,2026-07-30T19:06:04Z,Michael Friendly,friendly@yorku.ca,112,23,5,Rebuild README.md (was stale at 0.9.6); document the build gotcha,2026-W31,2026-07-27
vcdExtra,6d7ddd6fcf325121dc33b92bd725112f461ea3b9,2026-07-30T19:11:36Z,friendly,friendly@users.noreply.github.com,10,10,8,Update pkgdown site (GHA),2026-W31,2026-07-27
vcdExtra,5cc82647bfe0a71795887d8c759465d9a1722625,2026-07-30T20:47:38Z,Michael Friendly,friendly@yorku.ca,20,23,1,"Update TASKS.md: Breslow-Day done, roxygenize scripts moved, vcd notes",2026-W31,2026-07-27
vcdExtra,669aa06c735f5223f806190b3fedf7191ea6e8e2,2026-07-30T20:47:38Z,Michael Friendly,friendly@yorku.ca,75,16,4,Work out the CMHtest 2x2 display design in dev/CMH-2x2.md,2026-W31,2026-07-27
vcdExtra,55793503df51d7839442dd048a77d734c1209d99,2026-07-30T20:53:15Z,friendly,friendly@users.noreply.github.com,20,16,7,Update pkgdown site (GHA),2026-W31,2026-07-27
vcdExtra,743d091ec72938b34b8311496af6af64ba88e0d9,2026-07-30T21:08:53Z,gklorfine,gklorfine@rogers.com,29,23,1,Start updating `dev/loghistplot.R`,2026-W31,2026-07-27
vcdExtra,b368fe35f704688f49bd6da5189e445e14e62247,2026-07-30T21:20:49Z,gklorfine,gklorfine@rogers.com,115,55,12,Merge branch 'master' into GK-work3,2026-W31,2026-07-27
vcdExtra,2bf72be8db716ccb3850c08635b35637e09604cc,2026-07-30T22:24:25Z,Michael Friendly,friendly@yorku.ca,170,0,1,"Prototype print.CMHtest(layout = ""2x2"") in dev/",2026-W31,2026-07-27
vcdExtra,1468c129e814ee0ef5f3b247bf85321addc068d0,2026-07-30T22:29:50Z,friendly,friendly@users.noreply.github.com,16,20,7,Update pkgdown site (GHA),2026-W31,2026-07-27
vcdExtra,8cc81b741379185458749bf86a9e8c8fe91f6898,2026-07-30T22:36:38Z,Michael Friendly,friendly@yorku.ca,172,0,2,Add LRstats/loglinear analog of the CMHtest 2x2 idea,2026-W31,2026-07-27
vcdExtra,c159bb3cfa2123c675cc043a00ec5f99b617b43c,2026-07-30T22:41:43Z,friendly,friendly@users.noreply.github.com,20,16,7,Update pkgdown site (GHA),2026-W31,2026-07-27
vcdExtra,798e59b79cfaaa9ba260d1d574affc9a6d0cccfe,2026-07-31T01:46:20Z,Michael Friendly,friendly@yorku.ca,46,21,2,"Add stars/scale options to print.CMHtest(layout=""2x2"") prototype",2026-W31,2026-07-27
vcdExtra,0f3d2c57d48c31bc74a4b1ee5531d65afbfdaa76,2026-07-31T02:00:17Z,friendly,friendly@users.noreply.github.com,26,30,17,Update pkgdown site (GHA),2026-W31,2026-07-27
vcdExtra,1f49ecc2c985d467037faaeb33e4d65f9c3f191d,2026-07-31T02:18:15Z,Michael Friendly,friendly@yorku.ca,596,6,3,Handle multi-stratum CMHtest results in the 2x2 print prototype,2026-W31,2026-07-27
vcdExtra,a8b309caf0710e8ab19cd4f2882b37921fb7f340,2026-07-31T02:23:23Z,friendly,friendly@users.noreply.github.com,1,1,1,Update pkgdown site (GHA),2026-W31,2026-07-27
vcdExtra,900190f80c1e8955711157e48de2af60b352bba9,2026-07-31T15:56:09Z,Michael Friendly,friendly@yorku.ca,784,594,4,"Add layout = ""2x2"" display option to print.CMHtest()",2026-W31,2026-07-27
vcdExtra,44f5cb53519abd3f956e9ea7022299b71bb85d51,2026-07-31T15:56:28Z,Michael Friendly,friendly@yorku.ca,762,0,1,Keep dev/CMHtest.R as the merged draft behind the 2x2 print move,2026-W31,2026-07-27
vcdExtra,0e7db05f824f11f2f0c7a4679b79584f692b07cb,2026-07-31T15:56:54Z,Michael Friendly,friendly@yorku.ca,12,0,1,Note loghistplot() opts()/geom_smooth() errors in dev/,2026-W31,2026-07-27
vcdExtra,18e35f2b41a65c659322903e32bd11a1ceb01f55,2026-07-31T15:58:24Z,Michael Friendly,friendly@yorku.ca,2,2,2,Pluralize color_table() title: 'Frequency Tables',2026-W31,2026-07-27
vcdExtra,52261f4b39cc81506097504f09ec0da7899ce665,2026-07-31T16:05:15Z,friendly,friendly@users.noreply.github.com,220,55,11,Update pkgdown site (GHA),2026-W31,2026-07-27
vcdExtra,5958f9e3d412e5be0163edfa6dfaf987bff8c37c,2026-07-31T17:38:43Z,Michael Friendly,friendly@yorku.ca,31,16,2,Move CMHtest 2x2 layout caveat from @param to @details,2026-W31,2026-07-27
vcdExtra,503dbefa5c177cab4d5a6d163b9140e538c99bb9,2026-07-31T17:38:52Z,Michael Friendly,friendly@yorku.ca,1,1,1,Clarify Conversions section desc in pkgdown reference index,2026-W31,2026-07-27
vcdExtra,c5bbc19b4b79c9878334827f13202645263d9093,2026-07-31T17:40:57Z,Michael Friendly,friendly@yorku.ca,220,55,11,Merge remote-tracking branch 'origin/master',2026-W31,2026-07-27
vcdExtra,e819d5cf7235d48efeb584320a0ede9fc9b59ab3,2026-07-31T17:46:54Z,Michael Friendly,friendly@yorku.ca,0,8,1,Remove stale case-variant docs/reference/Logseries.html index entry,2026-W31,2026-07-27
vcdExtra,15b4c77ebd87ebd23b8c86b2eebb69728e2d89b1,2026-07-31T18:10:38Z,friendly,friendly@users.noreply.github.com,42,23,7,Update pkgdown site (GHA),2026-W31,2026-07-27
vcdExtra,bdf865af816d8585aff0ad7b51ed32ece575ef37,2026-07-31T18:15:59Z,Michael Friendly,friendly@yorku.ca,15,7,5,Knit README.Rmd to README.md,2026-W31,2026-07-27
vcdExtra,9e0177eeee8a9f4c9f0b2b135d27244c547afb1e,2026-07-31T18:16:17Z,Michael Friendly,friendly@yorku.ca,42,23,7,Merge remote-tracking branch 'origin/master',2026-W31,2026-07-27
vcdExtra,0b9cc7c0e7c2b25b61fa6ace8fde268b4df7a5c4,2026-07-31T18:23:10Z,friendly,friendly@users.noreply.github.com,47,29,14,Update pkgdown site (GHA),2026-W31,2026-07-27
vcdExtra,2518968e6023af5f8032623dd2f5e3dc6265191b,2026-07-31T20:58:48Z,gklorfine,gklorfine@rogers.com,2829,695,44,Merge branch 'master' into GK-work3,2026-W31,2026-07-27
vcdExtra,ea41cc722adbd667a14b7dc83062adfe26812dbb,2026-07-31T21:03:04Z,gklorfine,gklorfine@rogers.com,103,100,1,Add my ORCiD to `DESCRIPTION`,2026-W31,2026-07-27
vcdExtra,1d1ce0e9471c83c9db562b4b10657d04555d8040,2026-07-31T21:09:38Z,gklorfine,gklorfine@users.noreply.github.com,19,23,10,Update pkgdown site (GHA),2026-W31,2026-07-27
vcdExtra,85ef87eacbf8e9ba852d75d427a253f140426474,2026-08-01T01:34:56Z,Michael Friendly,friendly@yorku.ca,0,370,2,"Bump release date, remove now-redundant CMH 2x2 dev prototype",2026-W31,2026-07-27
vcdExtra,cacc2c4e997fd896520035b04ce432adb9c74247,2026-08-01T01:35:32Z,Michael Friendly,friendly@yorku.ca,4,3,2,"Bump DESCRIPTION Date for release, tweak NEWS.md 0.9.7 wording",2026-W31,2026-07-27
vcdExtra,498e56a029c0a726306e681474eac2502f91200c,2026-08-01T01:40:30Z,friendly,friendly@users.noreply.github.com,37,31,19,Update pkgdown site (GHA),2026-W31,2026-07-27
vcdExtra,3e4005d3d914fe7621c9cc83222575677bb53f98,2026-08-01T23:13:42Z,Michael Friendly,friendly@yorku.ca,22,27,2,Update cran-comments.md for 0.9.7 release; mark CMH 2x2 task done,2026-W31,2026-07-27
vcdExtra,8271fb0c6ea3295243fef840c7efd6dd58b610a7,2026-08-01T23:21:26Z,friendly,friendly@users.noreply.github.com,16,20,7,Update pkgdown site (GHA),2026-W31,2026-07-27
vcdExtra,74615d9af3163a154ef651aac501a29c71038cf7,2026-08-02T17:16:57Z,Michael Friendly,friendly@yorku.ca,0,0,2,rm old versions of man/figures/logo*,2026-W31,2026-07-27
vcdExtra,da6c9192801e0f938ed966702af6a30ea39b6587,2026-08-02T17:17:27Z,Michael Friendly,friendly@yorku.ca,16,20,7,Merge branch 'master' of https://github.com/friendly/vcdExtra,2026-W31,2026-07-27
vcdExtra,3c12c11fe5ab87fc60e0eaa68560743b5fc7e396,2026-08-02T17:23:06Z,friendly,friendly@users.noreply.github.com,30,26,19,Update pkgdown site (GHA),2026-W31,2026-07-27
vcdExtra,2670db3b243a7aa6872470e154083e7ae2cd54e0,2026-08-03T16:36:26Z,gklorfine,gklorfine@rogers.com,317,0,1,Add `issues/woolf.md`,2026-W32,2026-08-03
vcdExtra,6a44a34a9deef9e3e0b04d883b6070cb54bd3adb,2026-08-03T16:47:06Z,gklorfine,gklorfine@users.noreply.github.com,26,30,17,Update pkgdown site (GHA),2026-W32,2026-08-03
vcdExtra,962d45863a70ac4cb1082b075aee48b78c9392c3,2026-08-06T16:24:32Z,gklorfine,gklorfine@rogers.com,481,537,33,Merge branch 'master' into GK-work3,2026-W32,2026-08-03
vcdExtra,29476b622ce65b61d204008f6e292221b8847beb,2026-08-06T17:45:50Z,gklorfine,gklorfine@rogers.com,68,33,1,Work on `dev/loghistplot.R`,2026-W32,2026-08-03
vcdExtra,f867fb52726ec8460c2372e806a47e1f26ee10c4,2026-08-07T02:01:44Z,gklorfine,gklorfine@rogers.com,2,2,1,Fix `dev/loghistplot.R`,2026-W32,2026-08-03
vcdExtra,867ea5a97a39b74cd1b9421b86b085078f4b4f3c,2026-08-07T02:24:25Z,Michael Friendly,friendly@yorku.ca,89,48,1,Merge pull request #29 from friendly/GK-work3,2026-W32,2026-08-03
vcdExtra,b50fec78834606712f73bf5a26bdc12e05e58b91,2026-08-07T02:30:02Z,friendly,friendly@users.noreply.github.com,15,13,19,Update pkgdown site (GHA),2026-W32,2026-08-03
vcdExtra,c17913bb53c0524392510a26fb1d34dd1467f461,2026-08-07T02:35:20Z,Michael Friendly,friendly@yorku.ca,3,0,1,fix up duplicate logos,2026-W32,2026-08-03
vcdExtra,3af673dae0c9b378a07df4b562763bedfdec9cac,2026-08-07T02:40:34Z,friendly,friendly@users.noreply.github.com,1,1,1,Update pkgdown site (GHA),2026-W32,2026-08-03
vcdExtra,7d8e959b15875d4f40d781895c94f680e73dac8c,2026-08-07T02:43:32Z,Michael Friendly,friendly@yorku.ca,6,0,2,Add Hanley reference to Draft1970 documentation,2026-W32,2026-08-03
vcdExtra,7c4b6706bf7627147ce66c47f53021d950690f4b,2026-08-07T02:48:13Z,friendly,friendly@users.noreply.github.com,7,2,4,Update pkgdown site (GHA),2026-W32,2026-08-03
vcdExtra,7ecc16dfec23fa878711af3bfbdcd2f6d2899402,2026-08-08T14:56:56Z,gklorfine,gklorfine@rogers.com,145,2,1,Create `logist_plot()` in `dev/loghistplot.R`,2026-W32,2026-08-03
vcdExtra,3c4b407eb19ff9d502c1e3c812ca7bb535fc7412,2026-08-08T15:01:59Z,gklorfine,gklorfine@users.noreply.github.com,11,11,11,Update pkgdown site (GHA),2026-W32,2026-08-03
vcdExtra,cf4882fb09ee5ad217c2b8af602e867798e4b0a8,2026-08-08T17:35:17Z,Michael Friendly,friendly@yorku.ca,298,0,1,Rewrite logist_plot() as a proper S3 generic (dev/loghistplot2.R),2026-W32,2026-08-03
vcdExtra,a6dcadd80abd554277fee42019d58b5cc1e80010,2026-08-08T17:41:23Z,friendly,friendly@users.noreply.github.com,1,1,1,Update pkgdown site (GHA),2026-W32,2026-08-03
vcdExtra,6b50a2778b127299f72568f10acc5eafb02368f4,2026-08-08T17:48:34Z,Michael Friendly,friendly@yorku.ca,23,11,1,Add fit.color/marg.color args to logist_plot(); minor fixes,2026-W32,2026-08-03
vcdExtra,0483ee413ea804a62dcc8ec429e29913c69c3b00,2026-08-08T17:49:07Z,Michael Friendly,friendly@yorku.ca,1,1,1,Merge branch 'master' of https://github.com/friendly/vcdExtra,2026-W32,2026-08-03
vcdExtra,1facc47a5242826975745a302c53dbc4997eb536,2026-08-08T17:54:39Z,friendly,friendly@users.noreply.github.com,20,16,7,Update pkgdown site (GHA),2026-W32,2026-08-03
vcdExtra,d7d9bf3cd122186984e7784910c904729ef11d0b,2026-08-08T20:06:24Z,gklorfine,gklorfine@rogers.com,67,7,1,Add notes to `dev/loghistplot2.R`; change color and alpha,2026-W32,2026-08-03
vcdExtra,b4ece91b1987b2dee2a976912a94e67505c08793,2026-08-08T21:41:51Z,gklorfine,gklorfine@users.noreply.github.com,16,20,7,Update pkgdown site (GHA),2026-W32,2026-08-03
vcdExtra,02fac296db91250fc64205a81745ebfb336b4340,2026-08-08T22:23:40Z,Michael Friendly,friendly@yorku.ca,105,13,3,Move ggplot2/cowplot to Imports; clarify factor/character/logical y bug,2026-W32,2026-08-03
vcdExtra,122009ee1c85e28263700fbd151b996a529dfd97,2026-08-08T22:24:08Z,Michael Friendly,friendly@yorku.ca,16,20,7,Merge branch 'master' of https://github.com/friendly/vcdExtra,2026-W32,2026-08-03
vcdExtra,108428540867c614f67a321e0d37b4a1fac0f627,2026-08-08T22:31:05Z,Michael Friendly,friendly@yorku.ca,62,34,2,Fix factor/character/logical y support in logist_plot(),2026-W32,2026-08-03
vcdExtra,991d5e231448fbca1bc0a087a31206e1109add56,2026-08-08T22:31:24Z,friendly,friendly@users.noreply.github.com,1,1,1,Update pkgdown site (GHA),2026-W32,2026-08-03
vcdExtra,0ebe17d9410ac1b5dd497886e33dc97843dde0d3,2026-08-08T22:43:19Z,Michael Friendly,friendly@yorku.ca,63,9,1,Fix remaining review-note bugs before handing back to Gavin,2026-W32,2026-08-03
vcdExtra,f858f9dcccb0f1de7029b9a8704699f25aae0bd4,2026-08-08T22:43:42Z,Michael Friendly,friendly@yorku.ca,1,1,1,Merge branch 'master' of https://github.com/friendly/vcdExtra,2026-W32,2026-08-03
vcdExtra,f054808eb9abeedbb3e9c308e43d5985d4f475a1,2026-08-08T22:49:41Z,friendly,friendly@users.noreply.github.com,1,1,1,Update pkgdown site (GHA),2026-W32,2026-08-03
vcdExtra,3bc5aa6ad6f663fbd244d78261bb59028b63d37f,2026-08-09T01:03:16Z,Michael Friendly,friendly@yorku.ca,35,23,1,Forward ... to logist_plot() impl and error on unused args; tidy revi…,2026-W32,2026-08-03
vcdExtra,7995976c6b255c66b21fc71326e659f8d20fb158,2026-08-09T01:08:50Z,friendly,friendly@users.noreply.github.com,11,11,11,Update pkgdown site (GHA),2026-W32,2026-08-03
vcdExtra,134285aff90f3057d298624b5e2c6b81e1a2aaf3,2026-08-09T01:28:43Z,Michael Friendly,friendly@yorku.ca,88,4,3,Rename p_top/p_bottom to p_hist_y0/p_hist_y1; add mirrored-histogram …,2026-W32,2026-08-03
vcdExtra,779f0bb77e3292e0c121b3e92289f7a138585cd9,2026-08-09T01:33:20Z,friendly,friendly@users.noreply.github.com,1,1,1,Update pkgdown site (GHA),2026-W32,2026-08-03
vcdExtra,075805f7bd8c0d99af17d08ae584379bb9c27f12,2026-08-09T15:51:47Z,Michael Friendly,friendly@yorku.ca,353,0,6,"Explore group/color, marginal=""density"", and ggdist for logist_plot()",2026-W32,2026-08-03
vcdExtra,3f0823685bccb1fd1c00b755a2ec66da6864aee1,2026-08-09T15:57:59Z,friendly,friendly@users.noreply.github.com,1,1,1,Update pkgdown site (GHA),2026-W32,2026-08-03
vcdExtra,912aff1b3541dd44683cc5fb124fbe3b27026f64,2026-08-09T18:42:21Z,gklorfine,gklorfine@rogers.com,170,0,1,Add `dev/loghistplot-GK.md`,2026-W32,2026-08-03
vcdExtra,86c99d6e966c426446b322e04f3ca98016f57f2c,2026-08-09T18:49:54Z,gklorfine,gklorfine@users.noreply.github.com,3,3,3,Update pkgdown site (GHA),2026-W32,2026-08-03
